Date,Rate
17-Jan-11,45.42
18-Jan-11,45.45
19-Jan-11,45.34
20-Jan-11,45.36
21-Jan-11,45.80
22-Jan-11,45.58
23-Jan-11,45.59
24-Jan-11,45.59
25-Jan-11,45.53
26-Jan-11,45.71
27-Jan-11,45.48
28-Jan-11,45.69
29-Jan-11,45.84
30-Jan-11,45.84
31-Jan-11,45.84
01-Feb-11,45.84
02-Feb-11,45.58
03-Feb-11,45.55
04-Feb-11,45.67
05-Feb-11,45.56
06-Feb-11,45.61
07-Feb-11,45.61
08-Feb-11,45.36
09-Feb-11,45.2
10-Feb-11,45.37
11-Feb-11,45.66
12-Feb-11,45.61
13-Feb-11,45.6
14-Feb-11,45.6
15-Feb-11,45.45
16-Feb-11,45.43
17-Feb-11,45.41
18-Feb-11,45.23
19-Feb-11,45.1
20-Feb-11,45.11
21-Feb-11,45.11
22-Feb-11,44.92
23-Feb-11,45.17
24-Feb-11,45.1
25-Feb-11,45.42
26-Feb-11,45.28
27-Feb-11,45.28
28-Feb-11,45.3
01-Mar-11,45.2
02-Mar-11,44.84
03-Mar-11,44.8
04-Mar-11,44.9
05-Mar-11,44.90
06-Mar-11,44.85
07-Mar-11,44.91
08-Mar-11,44.97
09-Mar-11,44.93
10-Mar-11,44.9
11-Mar-11,45.17
14-Mar-11,45.24
15-Mar-11,45.00
16-Mar-11,45.15
17-Mar-11,45.02
18-Mar-11,45.07
19-Mar-11,45
20-Mar-11,45
21-Mar-11,45
22-Mar-11,44.99
23-Mar-11,44.9
24-Mar-11,44.81
25-Mar-11,44.63
26-Mar-11,44.63
27-Mar-11,44.63
28-Mar-11,44.63
29-Mar-11,44.74
30-Mar-11,44.7
31-Mar-11,44.63
01-Apr-11,44.4
02-Apr-11,44.43
03-Apr-11,44.43
04-Apr-11,44.45
05-Apr-11,44.34
06-Apr-11,44.31
07-Apr-11,44.08
08-Apr-11,44.13
09-Apr-11,44.07
10-Apr-11,43.96
11-Apr-11,43.96
12-Apr-11,44.28
13-Apr-11,44.19
14-Apr-11,44.45
15-Apr-11,44.41
16-Apr-11,44.3
17-Apr-11,44.3
18-Apr-11,44.28
19-Apr-11,44.38
20-Apr-11,44.42
21-Apr-11,44.28
22-Apr-11,44.28
23-Apr-11,44.28
24-Apr-11,44.28
25-Apr-11,44.27
26-Apr-11,44.43
27-Apr-11,44.52
28-Apr-11,44.4
29-Apr-11,44.33
30-Apr-11,44.18
01-May-11,44.25
02-May-11,44.25
03-May-11,44.25
04-May-11,44.43
05-May-11,44.34
06-May-11,44.73
07-May-11,44.63
08-May-11,44.73
09-May-11,44.73
10-May-11,44.63
11-May-11,44.63
12-May-11,44.62
13-May-11,44.73
14-May-11,44.83
15-May-11,44.83
16-May-11,44.86
17-May-11,44.98
18-May-11,45.03
19-May-11,45.06
20-May-11,44.9
21-May-11,44.88
22-May-11,45.00
23-May-11,45.00
24-May-11,45.2
25-May-11,45.18
26-May-11,45.3
27-May-11,45.22
28-May-11,45.18
29-May-11,45.18
30-May-11,45.18
31-May-11,45.09
01-Jun-11,45.05
02-Jun-11,44.79
03-Jun-11,44.78
04-Jun-11,44.83
05-Jun-11,44.78
06-Jun-11,44.83
07-Jun-11,44.7
08-Jun-11,44.68
09-Jun-11,44.73
10-Jun-11,44.63
11-Jun-11,44.73
12-Jun-11,44.73
13-Jun-11,44.73
14-Jun-11,44.83
15-Jun-11,44.74
16-Jun-11,44.80
17-Jun-11,44.80
18-Jun-11,44.8
19-Jun-11,44.77
20-Jun-11,44.77
21-Jun-11,44.9
22-Jun-11,44.8
23-Jun-11,44.76
24-Jun-11,44.9
25-Jun-11,44.93
26-Jun-11,44.99
27-Jun-11,44.99
28-Jun-11,44.95
29-Jun-11,45.01
30-Jun-11,44.79
01-Jul-11,44.6
02-Jul-11,44.49
03-Jul-11,44.63
04-Jul-11,44.63
05-Jul-11,44.43
06-Jul-11,44.36
07-Jul-11,44.36
08-Jul-11,44.33
09-Jul-11,44.34
10-Jul-11,44.33
11-Jul-11,44.42
12-Jul-11,44.4
13-Jul-11,44.6
14-Jul-11,44.5
15-Jul-11,44.51
16-Jul-11,44.5
17-Jul-11,44.51
18-Jul-11,44.51
19-Jul-11,44.61
20-Jul-11,44.49
21-Jul-11,44.45
22-Jul-11,44.33
23-Jul-11,44.34
24-Jul-11,44.36
25-Jul-11,44.35
26-Jul-11,44.34
27-Jul-11,44.1
28-Jul-11,44.05
29-Jul-11,44.04
30-Jul-11,44.09
31-Jul-11,44.21
01-Aug-11,44.21
02-Aug-11,44.07
03-Aug-11,44.27
04-Aug-11,44.32
05-Aug-11,44.57
06-Aug-11,44.74
07-Aug-11,44.74
08-Aug-11,44.74
09-Aug-11,45.01
10-Aug-11,45.21
11-Aug-11,45.25
12-Aug-11,45.30
13-Aug-11,45.40
14-Aug-11,45.40
15-Aug-11,45.40
16-Aug-11,45.24
17-Aug-11,45.14
18-Aug-11,45.31
19-Aug-11,45.59
20-Aug-11,45.63
21-Aug-11,45.67
22-Aug-11,45.67
23-Aug-11,45.64
24-Aug-11,45.98
25-Aug-11,45.92
26-Aug-11,45.95
27-Aug-11,46.13
28-Aug-11,46.16
29-Aug-11,46.16
31-Aug-11,45.97
02-Sep-11,45.67
03-Sep-11,43.22
04-Sep-11,45.74
05-Sep-11,45.74
07-Sep-11,46.07
08-Sep-11,46.09
09-Sep-11,46.16
10-Sep-11,46.65
11-Sep-11,46.53
12-Sep-11,46.65
13-Sep-11,47.19
14-Sep-11,47.49
15-Sep-11,47.59
17-Sep-11,47.28
18-Sep-11,47.2
19-Sep-11,47.2
20-Sep-11,47.73
21-Sep-11,47.94
22-Sep-11,48.25
23-Sep-11,49.48
24-Sep-11,49.35
25-Sep-11,49.35
26-Sep-11,49.35
27-Sep-11,49.43
28-Sep-11,48.92
01-Oct-11,49.09
04-Oct-11,49.1
05-Oct-11,49.26
06-Oct-11,49.24
07-Oct-11,49.17
08-Oct-11,48.9
10-Oct-11,48.90
11-Oct-11,48.82
12-Oct-11,49.18
13-Oct-11,48.9
15-Oct-11,48.9
16-Oct-11,48.90
17-Oct-11,48.90
18-Oct-11,48.93
19-Oct-11,49.27
20-Oct-11,49.03
21-Oct-11,49.88
22-Oct-11,49.71
23-Oct-11,49.83
24-Oct-11,49.83
25-Oct-11,49.73
26-Oct-11,49.43
28-Oct-11,49.82
29-Oct-11,48.63
30-Oct-11,48.63
31-Oct-11,48.63
01-Nov-11,48.68
02-Nov-11,49.26
03-Nov-11,49.11
04-Nov-11,49.04
05-Nov-11,49
06-Nov-11,49.00
07-Nov-11,49.00
08-Nov-11,48.95
09-Nov-11,49.33
10-Nov-11,50.13
11-Nov-11,49.99
12-Nov-11,50.04
13-Nov-11,49.81
14-Nov-11,50.04
15-Nov-11,50.35
16-Nov-11,50.60
17-Nov-11,50.67
18-Nov-11,50.95
19-Nov-11,51.23
20-Nov-11,51.23
21-Nov-11,51.23
22-Nov-11,52.06
23-Nov-11,52.49
24-Nov-11,52.26
25-Nov-11,52.07
26-Nov-11,52.23
27-Nov-11,52.23
28-Nov-11,52.23
29-Nov-11,52.04
30-Nov-11,51.91
01-Dec-11,51.75
02-Dec-11,51.27
03-Dec-11,51.16
05-Dec-11,51.11
06-Dec-11,51.35
08-Dec-11,51.63
09-Dec-11,51.72
10-Dec-11,51.89
11-Dec-11,51.87
12-Dec-11,51.87
13-Dec-11,52.73
14-Dec-11,53.10
16-Dec-11,53.56
17-Dec-11,52.50
18-Dec-11,52.53
19-Dec-11,52.50
20-Dec-11,52.70
21-Dec-11,52.7
22-Dec-11,52.40
23-Dec-11,52.53
24-Dec-11,52.79
25-Dec-11,52.79
26-Dec-11,52.79
28-Dec-11,52.94
29-Dec-11,52.89
30-Dec-11,53.00
31-Dec-11,52.9
01-Jan-12,53.01
02-Jan-12,53.01
03-Jan-12,53.30
04-Jan-12,53.09
05-Jan-12,52.89
06-Jan-12,52.89
07-Jan-12,52.64
08-Jan-12,52.68
09-Jan-12,52.68
10-Jan-12,52.40
11-Jan-12,51.60
12-Jan-12,51.82
13-Jan-12,51.49
14-Jan-12,51.44
15-Jan-12,51.44
16-Jan-12,51.44
18-Jan-12,50.70
19-Jan-12,50.41
20-Jan-12,50.31
21-Jan-12,50.24
22-Jan-12,50.23
23-Jan-12,50.23
24-Jan-12,49.92
25-Jan-12,50.03
26-Jan-12,50.03
27-Jan-12,49.43
28-Jan-12,49.23
29-Jan-12,49.39
30-Jan-12,49.39
31-Jan-12,49.63
01-Feb-12,49.53
02-Feb-12,49.10
03-Feb-12,49.04
04-Feb-12,48.58
05-Feb-12,48.66
06-Feb-12,48.66
07-Feb-12,49.06
08-Feb-12,49.23
09-Feb-12,49.23
10-Feb-12,49.27
11-Feb-12,49.44
12-Feb-12,49.36
13-Feb-12,49.36
15-Feb-12,49.40
16-Feb-12,49.37
18-Feb-12,49.35
19-Feb-12,49.32
20-Feb-12,49.32
21-Feb-12,49.15
23-Feb-12,49.13
24-Feb-12,49.13
25-Feb-12,48.99
26-Feb-12,49.01
27-Feb-12,49.01
28-Feb-12,49.13
29-Feb-12,49.02
01-Mar-12,49.00
02-Mar-12,49.14
03-Mar-12,49.56
04-Mar-12,49.52
05-Mar-12,49.52
06-Mar-12,49.74
07-Mar-12,50.34
08-Mar-12,50.28
09-Mar-12,49.93
10-Mar-12,49.69
11-Mar-12,49.76
12-Mar-12,49.76
13-Mar-12,49.94
14-Mar-12,49.85
15-Mar-12,49.95
16-Mar-12,50.21
17-Mar-12,50.06
18-Mar-12,50.14
19-Mar-12,50.14
20-Mar-12,50.1
21-Mar-12,50.33
22-Mar-12,50.61
23-Mar-12,51.16
24-Mar-12,51.14
25-Mar-12,51.17
26-Mar-12,51.17
27-Mar-12,50.94
29-Mar-12,50.77
30-Mar-12,51.39
31-Mar-12,50.84
01-Apr-12,50.87
02-Apr-12,50.87
03-Apr-12,50.71
04-Apr-12,50.55
05-Apr-12,51.05
08-Apr-12,51.04
09-Apr-12,51.04
12-Apr-12,51.44
13-Apr-12,51.22
14-Apr-12,51.54
15-Apr-12,51.55
16-Apr-12,51.55
18-Apr-12,51.39
19-Apr-12,51.83
20-Apr-12,52.08
26-Apr-12,52.5
27-Apr-12,52.5
28-Apr-12,52.44
29-Apr-12,52.54
30-Apr-12,52.54
04-May-12,53.4
05-May-12,53.38
06-May-12,53.47
07-May-12,53.47
08-May-12,52.89
09-May-12,53.12
11-May-12,53.25
13-May-12,53.63
14-May-12,53.63
16-May-12,53.96
18-May-12,54.38
19-May-12,54.41
20-May-12,54.42
21-May-12,54.42
22-May-12,55
23-May-12,55.3
25-May-12,55.6
26-May-12,55.36
27-May-12,55.37
28-May-12,55.37
30-May-12,55.62
31-May-12,56.2
01-Jun-12,56.1
02-Jun-12,55.43
03-Jun-12,55.54
04-Jun-12,55.54
05-Jun-12,55.65
08-Jun-12,54.89
09-Jun-12,55.38
10-Jun-12,55.42
11-Jun-12,55.42
12-Jun-12,55.65
14-Jun-12,55.57
16-Jun-12,55.41
17-Jun-12,55.39
18-Jun-12,55.39
19-Jun-12,55.86
20-Jun-12,55.84
21-Jun-12,56.15
22-Jun-12,56.3
23-Jun-12,57.07
24-Jun-12,57.12
25-Jun-12,57.12
26-Jun-12,56.96
27-Jun-12,56.9
28-Jun-12,56.89
29-Jun-12,56.82
30-Jun-12,55.51
01-Jul-12,55.51
02-Jul-12,55.51
03-Jul-12,55.4
04-Jul-12,54.22
05-Jul-12,54.48
06-Jul-12,54.96
07-Jul-12,55.48
08-Jul-12,55.41
09-Jul-12,55.41
10-Jul-12,55.85
11-Jul-12,55.39
12-Jul-12,55.53
13-Jul-12,55.84
14-Jul-12,54.91
15-Jul-12,55.14
16-Jul-12,55.14
17-Jul-12,55.05
18-Jul-12,55.25
19-Jul-12,55.25
20-Jul-12,55.17
21-Jul-12,55.28
22-Jul-12,55.32
23-Jul-12,55.32
24-Jul-12,55.93
25-Jul-12,56.23
26-Jul-12,56.02
27-Jul-12,55.60
28-Jul-12,55.27
29-Jul-12,55.25
30-Jul-12,55.25
31-Jul-12,55.46
01-Aug-12,55.56
02-Aug-12,55.5
03-Aug-12,55.84
04-Aug-12,55.75
05-Aug-12,55.75
06-Aug-12,55.75
07-Aug-12,55.52
08-Aug-12,55.07
09-Aug-12,55.1
10-Aug-12,55.18
11-Aug-12,55.2
12-Aug-12,55.28
13-Aug-12,55.28
14-Aug-12,55.34
15-Aug-12,55.61
16-Aug-12,55.53
17-Aug-12,55.62
18-Aug-12,55.63
19-Aug-12,55.73
20-Aug-12,55.73
21-Aug-12,55.50
22-Aug-12,55.46
23-Aug-12,55.50
24-Aug-12,55.26
25-Aug-12,55.41
26-Aug-12,55.50
27-Aug-12,55.50
28-Aug-12,55.69
29-Aug-12,55.66
30-Aug-12,55.70
31-Aug-12,55.63
01-Sep-12,55.52
02-Sep-12,55.52
03-Sep-12,55.52
04-Sep-12,55.53
05-Sep-12,55.61
06-Sep-12,55.91
07-Sep-12,55.66
08-Sep-12,55.27
09-Sep-12,55.36
10-Sep-12,55.36
11-Sep-12,55.44
12-Sep-12,55.25
13-Sep-12,55.21
14-Sep-12,55.34
15-Sep-12,54.30
16-Sep-12,54.30
17-Sep-12,54.30
18-Sep-12,53.88
19-Sep-12,53.90
20-Sep-12,54.02
21-Sep-12,54.26
22-Sep-12,53.36
23-Sep-12,53.36
24-Sep-12,53.36
25-Sep-12,53.44
26-Sep-12,53.36
27-Sep-12,53.55
28-Sep-12,52.94
29-Sep-12,52.85
30-Sep-12,52.85
01-Oct-12,52.85
02-Oct-12,52.31
03-Oct-12,52.41
04-Oct-12,52.26
05-Oct-12,51.74
06-Oct-12,51.90
07-Oct-12,51.91
08-Oct-12,51.91
09-Oct-12,52.54
10-Oct-12,52.74
11-Oct-12,53.00
12-Oct-12,52.66
13-Oct-12,52.93
14-Oct-12,52.81
15-Oct-12,52.81
16-Oct-12,53.03
17-Oct-12,52.86
18-Oct-12,52.86
19-Oct-12,53.51
20-Oct-12,53.84
21-Oct-12,53.84
22-Oct-12,53.84
23-Oct-12,53.55
24-Oct-12,53.72
25-Oct-12,53.75
26-Oct-12,53.55
27-Oct-12,53.6
28-Oct-12,53.55
29-Oct-12,53.55
30-Oct-12,54.08
31-Oct-12,53.96
01-Nov-12,53.80
02-Nov-12,53.77
03-Nov-12,53.81
04-Nov-12,53.81
05-Nov-12,53.81
06-Nov-12,54.60
07-Nov-12,54.42
08-Nov-12,54.42
09-Nov-12,54.32
10-Nov-12,54.63
11-Nov-12,54.59
12-Nov-12,54.59
13-Nov-12,55.01
14-Nov-12,54.82
15-Nov-12,54.88
16-Nov-12,54.81
17-Nov-12,55.16
18-Nov-12,55.16
19-Nov-12,55.16
20-Nov-12,54.97
21-Nov-12,55.10
22-Nov-12,55.13
23-Nov-12,55.12
24-Nov-12,55.45
25-Nov-12,55.45
26-Nov-12,55.45
27-Nov-12,55.64
28-Nov-12,55.35
29-Nov-12,55.71
30-Nov-12,54.72
01-Dec-12,54.33
02-Dec-12,54.26
03-Dec-12,54.26
04-Dec-12,54.66
05-Dec-12,54.74
06-Dec-12,54.50
07-Dec-12,54.15
08-Dec-12,54.35
09-Dec-12,54.34
10-Dec-12,54.34
11-Dec-12,54.41
12-Dec-12,54.33
13-Dec-12,54.20
14-Dec-12,54.37
15-Dec-12,54.50
16-Dec-12,54.44
17-Dec-12,54.44
18-Dec-12,54.70
19-Dec-12,54.93
20-Dec-12,54.7
21-Dec-12,54.92
22-Dec-12,55.21
23-Dec-12,55.06
24-Dec-12,55.06
25-Dec-12,54.95
26-Dec-12,55.01
27-Dec-12,54.75
28-Dec-12,54.94
29-Dec-12,54.76
30-Dec-12,54.76
31-Dec-12,54.76
01-Jan-13,54.86
02-Jan-13,54.68
03-Jan-13,54.15
04-Jan-13,54.5
05-Jan-13,54.94
06-Jan-13,54.94
07-Jan-13,54.93
08-Jan-13,55.16
09-Jan-13,55.02
10-Jan-13,54.79
11-Jan-13,54.50
12-Jan-13,54.82
13-Jan-13,54.87
14-Jan-13,54.87
15-Jan-13,54.51
16-Jan-13,54.59
17-Jan-13,54.66
18-Jan-13,54.35
19-Jan-13,53.85
20-Jan-13,53.74
21-Jan-13,53.74
22-Jan-13,53.77
23-Jan-13,53.72
24-Jan-13,53.66
25-Jan-13,53.71
26-Jan-13,53.80
27-Jan-13,53.80
28-Jan-13,53.80
29-Jan-13,54.05
30-Jan-13,53.65
31-Jan-13,53.21
01-Feb-13,53.33
02-Feb-13,53.07
03-Feb-13,53.17
04-Feb-13,53.17
05-Feb-13,53.22
06-Feb-13,53.03
07-Feb-13,53.09
08-Feb-13,53.3
09-Feb-13,53.59
10-Feb-13,53.59
11-Feb-13,53.59
12-Feb-13,53.88
13-Feb-13,53.77
14-Feb-13,53.81
15-Feb-13,53.96
16-Feb-13,54.30
17-Feb-13,54.32
18-Feb-13,54.32
19-Feb-13,54.26
20-Feb-13,54.25
21-Feb-13,54.22
22-Feb-13,54.55
23-Feb-13,54.30
24-Feb-13,54.28
25-Feb-13,54.28
26-Feb-13,53.95
27-Feb-13,54.15
28-Feb-13,53.73
01-Mar-13,54.42
02-Mar-13,54.92
03-Mar-13,54.90
04-Mar-13,54.90
05-Mar-13,54.9
06-Mar-13,54.86
07-Mar-13,54.84
08-Mar-13,54.47
09-Mar-13,54.32
10-Mar-13,54.35
11-Mar-13,54.35
12-Mar-13,54.35
13-Mar-13,54.11
14-Mar-13,54.44
15-Mar-13,54.20
16-Mar-13,54.03
17-Mar-13,54.03
18-Mar-13,54.03
19-Mar-13,54.07
20-Mar-13,54.46
21-Mar-13,54.39
22-Mar-13,54.39
23-Mar-13,54.39
24-Mar-13,54.35
25-Mar-13,54.35
26-Mar-13,54.34
27-Mar-13,54.48
28-Mar-13,54.43
29-Mar-13,54.28
30-Mar-13,54.28
31-Mar-13,54.28
01-Apr-13,54.28
02-Apr-13,54.34
03-Apr-13,54.43
04-Apr-13,54.52
05-Apr-13,54.89
06-Apr-13,54.69
07-Apr-13,54.81
08-Apr-13,54.81
09-Apr-13,54.56
10-Apr-13,54.48
11-Apr-13,54.46
12-Apr-13,54.26
13-Apr-13,54.54
14-Apr-13,54.52
15-Apr-13,54.52
16-Apr-13,54.48
17-Apr-13,53.98
18-Apr-13,54.19
19-Apr-13,53.97
20-Apr-13,53.96
21-Apr-13,53.94
22-Apr-13,53.94
23-Apr-13,54.20
24-Apr-13,54.30
25-Apr-13,54.27
26-Apr-13,54.17
27-Apr-13,54.35
28-Apr-13,54.38
29-Apr-13,54.38
30-Apr-13,54.20
01-May-13,53.68
02-May-13,53.69
03-May-13,53.84
04-May-13,53.81
05-May-13,53.81
06-May-13,53.81
07-May-13,54.15
08-May-13,54.05
09-May-13,54.09
10-May-13,54.36
11-May-13,54.87
12-May-13,54.81
13-May-13,54.81
14-May-13,54.84
15-May-13,54.75
16-May-13,54.78
17-May-13,54.73
18-May-13,54.88
19-May-13,54.89
20-May-13,54.89
21-May-13,55.04
22-May-13,55.43
23-May-13,55.66
24-May-13,55.71
25-May-13,55.82
26-May-13,55.82
27-May-13,55.82
28-May-13,55.57
29-May-13,56.13
30-May-13,56.28
31-May-13,56.38
01-Jun-13,56.58
02-Jun-13,56.56
03-Jun-13,56.58
04-Jun-13,56.67
05-Jun-13,56.55
06-Jun-13,56.85
07-Jun-13,56.93
08-Jun-13,57.06
09-Jun-13,57.06
10-Jun-13,57.06
11-Jun-13,58.22
12-Jun-13,58.34
13-Jun-13,57.83
14-Jun-13,58.00
15-Jun-13,57.62
16-Jun-13,57.50
17-Jun-13,57.50
18-Jun-13,57.97
19-Jun-13,58.84
20-Jun-13,58.72
21-Jun-13,59.57
22-Jun-13,59.27
23-Jun-13,59.27
24-Jun-13,59.27
25-Jun-13,59.81
26-Jun-13,59.66
27-Jun-13,60.72
28-Jun-13,60.19
29-Jun-13,59.53
30-Jun-13,59.53
01-Jul-13,59.53
02-Jul-13,59.4
03-Jul-13,59.55
04-Jul-13,60.22
05-Jul-13,60.02
06-Jul-13,60.98
07-Jul-13,60.23
08-Jul-13,60.23
09-Jul-13,60.69
10-Jul-13,60.10
11-Jul-13,59.7
12-Jul-13,59.8
13-Jul-13,59.89
14-Jul-13,59.89
15-Jul-13,59.89
16-Jul-13,59.62
17-Jul-13,58.97
18-Jul-13,59.32
19-Jul-13,59.69
20-Jul-13,59.39
21-Jul-13,59.34
22-Jul-13,59.34
23-Jul-13,59.72
24-Jul-13,59.4
25-Jul-13,59.34
26-Jul-13,59.03
27-Jul-13,59.09
28-Jul-13,59.04
29-Jul-13,59.04
30-Jul-13,59.27
31-Jul-13,60.89
01-Aug-13,60.97
02-Aug-13,60.60
03-Aug-13,61.11
04-Aug-13,61.10
05-Aug-13,61.10
06-Aug-13,60.86
07-Aug-13,60.79
08-Aug-13,61.24
09-Aug-13,60.73
10-Aug-13,60.67
11-Aug-13,60.67
12-Aug-13,60.67
13-Aug-13,61.24
14-Aug-13,61.43
15-Aug-13,61.29
16-Aug-13,61.36
17-Aug-13,62.55
18-Aug-13,61.66
19-Aug-13,61.66
20-Aug-13,63.85
21-Aug-13,63.28
22-Aug-13,64.73
23-Aug-13,64.22
24-Aug-13,64.22
25-Aug-13,63.20
26-Aug-13,63.20
27-Aug-13,64.2
28-Aug-13,67.01
29-Aug-13,67.35
30-Aug-13,67.41
31-Aug-13,66.68
02-Sep-13,65.70
03-Sep-13,66.51
04-Sep-13,68.45
05-Sep-13,66.28
06-Sep-13,66.25
07-Sep-13,65.24
08-Sep-13,65.24
09-Sep-13,65.24
10-Sep-13,64.10
11-Sep-13,63.63
12-Sep-13,63.38
13-Sep-13,63.54
14-Sep-13,63.27
15-Sep-13,63.38
16-Sep-13,63.38
17-Sep-13,62.95
18-Sep-13,63.06
19-Sep-13,63.58
20-Sep-13,62.34
21-Sep-13,62.72
22-Sep-13,62.23
23-Sep-13,62.23
24-Sep-13,62.62
25-Sep-13,62.7
26-Sep-13,62.22
27-Sep-13,61.80
28-Sep-13,63.07
29-Sep-13,62.51
30-Sep-13,62.51
01-Oct-13,62.59
02-Oct-13,62.59
03-Oct-13,62.07
04-Oct-13,61.96
05-Oct-13,61.38
06-Oct-13,61.43
07-Oct-13,61.43
08-Oct-13,61.6
09-Oct-13,61.95
10-Oct-13,61.9
11-Oct-13,61.24
12-Oct-13,60.99
13-Oct-13,61.02
14-Oct-13,61.02
15-Oct-13,61.43
16-Oct-13,61.82
17-Oct-13,61.45
18-Oct-13,61.10
19-Oct-13,61.24
20-Oct-13,61.24
21-Oct-13,61.24
22-Oct-13,60.62
23-Oct-13,61.19
24-Oct-13,61.54
25-Oct-13,61.44
26-Oct-13,61.43
27-Oct-13,61.46
28-Oct-13,61.46
29-Oct-13,61.55
30-Oct-13,61.47
31-Oct-13,61.11
01-Nov-13,61.69
02-Nov-13,62.29
03-Nov-13,61.75
04-Nov-13,61.75
05-Nov-13,62.05
06-Nov-13,62.17
07-Nov-13,62.48
08-Nov-13,62.76
09-Nov-13,63.47
10-Nov-13,62.48
11-Nov-13,62.48
12-Nov-13,63.46
13-Nov-13,63.91
14-Nov-13,63.30
15-Nov-13,63.12
16-Nov-13,62.82
17-Nov-13,62.98
18-Nov-13,62.98
19-Nov-13,62.12
20-Nov-13,62.2
21-Nov-13,62.29
22-Nov-13,62.95
23-Nov-13,62.61
24-Nov-13,62.73
25-Nov-13,62.73
26-Nov-13,62.37
27-Nov-13,62.47
28-Nov-13,62.48
29-Nov-13,62.33
30-Nov-13,62.42
01-Dec-13,62.39
02-Dec-13,62.39
03-Dec-13,62.29
04-Dec-13,62.41
05-Dec-13,61.82
06-Dec-13,61.56
07-Dec-13,61.13
08-Dec-13,61.43
09-Dec-13,61.43
10-Dec-13,60.85
11-Dec-13,61.06
12-Dec-13,61.42
13-Dec-13,62.16
14-Dec-13,62.17
15-Dec-13,62.19
16-Dec-13,62.19
17-Dec-13,61.79
18-Dec-13,61.76
19-Dec-13,62.03
20-Dec-13,62.35
21-Dec-13,62.01
22-Dec-13,62.00
23-Dec-13,62.00
24-Dec-13,61.72
25-Dec-13,61.8
26-Dec-13,61.8
27-Dec-13,61.94
28-Dec-13,61.94
29-Dec-13,61.94
30-Dec-13,61.94
31-Dec-13,61.8
01-Jan-14,61.84
02-Jan-14,61.86
03-Jan-14,62.3
04-Jan-14,62.33
05-Jan-14,62.19
06-Jan-14,62.19
07-Jan-14,62.24
08-Jan-14,62.18
09-Jan-14,62.07
10-Jan-14,62.07
11-Jan-14,61.48
12-Jan-14,61.90
13-Jan-14,61.90
14-Jan-14,61.42
15-Jan-14,61.46
16-Jan-14,61.54
17-Jan-14,61.41
18-Jan-14,61.6
19-Jan-14,61.54
20-Jan-14,61.54
21-Jan-14,61.54
22-Jan-14,61.97
23-Jan-14,61.83
24-Jan-14,62.06
25-Jan-14,62.76
26-Jan-14,62.69
27-Jan-14,62.69
28-Jan-14,63.37
29-Jan-14,62.75
30-Jan-14,62.88
31-Jan-14,62.62
01-Feb-14,62.69
02-Feb-14,62.68
03-Feb-14,62.68
04-Feb-14,62.66
05-Feb-14,62.32
06-Feb-14,62.5
07-Feb-14,62.14
08-Feb-14,62.11
09-Feb-14,62.30
10-Feb-14,62.30
11-Feb-14,62.35
12-Feb-14,62.14
13-Feb-14,61.85
14-Feb-14,62.21
15-Feb-14,61.85
16-Feb-14,61.85
17-Feb-14,61.85
18-Feb-14,61.78
19-Feb-14,62.17
20-Feb-14,62.21
21-Feb-14,62.22
22-Feb-14,62.00
23-Feb-14,62.14
24-Feb-14,62.14
25-Feb-14,61.92
26-Feb-14,61.82
27-Feb-14,62.15
28-Feb-14,61.97
01-Mar-14,61.84
02-Mar-14,61.79
03-Mar-14,61.79
04-Mar-14,62.2
05-Mar-14,61.94
06-Mar-14,61.44
07-Mar-14,60.86
08-Mar-14,61.23
09-Mar-14,61.08
10-Mar-14,61.08
11-Mar-14,61.03
12-Mar-14,61.06
13-Mar-14,61
14-Mar-14,61.35
15-Mar-14,61.26
16-Mar-14,61.20
17-Mar-14,61.20
18-Mar-14,61.05
19-Mar-14,60.97
20-Mar-14,60.96
21-Mar-14,61.12
22-Mar-14,60.84
23-Mar-14,60.90
24-Mar-14,60.90
25-Mar-14,60.67
26-Mar-14,60.27
27-Mar-14,60
28-Mar-14,60.17
29-Mar-14,59.89
30-Mar-14,59.89
31-Mar-14,59.89
01-Apr-14,59.94
02-Apr-14,59.83
03-Apr-14,59.83
04-Apr-14,60.33
05-Apr-14,59.89
06-Apr-14,60.08
07-Apr-14,60.08
08-Apr-14,60.17
09-Apr-14,60.09
10-Apr-14,60.11
11-Apr-14,60.34
12-Apr-14,60.22
13-Apr-14,60.20
14-Apr-14,60.18
15-Apr-14,60.27
16-Apr-14,60.42
17-Apr-14,60.27
18-Apr-14,60.30
19-Apr-14,60.28
20-Apr-14,60.29
21-Apr-14,60.29
22-Apr-14,60.5
23-Apr-14,60.86
24-Apr-14,61.14
25-Apr-14,61.12
26-Apr-14,60.65
27-Apr-14,60.64
28-Apr-14,60.64
29-Apr-14,60.68
30-Apr-14,60.18
01-May-14,60.28
02-May-14,60.27
03-May-14,60
04-May-14,60.08
05-May-14,60.18
06-May-14,60.12
07-May-14,59.87
08-May-14,59.90
09-May-14,59.93
10-May-14,59.85
11-May-14,59.96
12-May-14,59.96
13-May-14,59.57
14-May-14,59.46
15-May-14,59.44
16-May-14,59.49
17-May-14,58.6
18-May-14,58.58
19-May-14,58.58
20-May-14,58.47
21-May-14,58.64
22-May-14,58.66
23-May-14,58.35
24-May-14,58.41
25-May-14,58.52
26-May-14,58.52
27-May-14,58.66
28-May-14,58.96
29-May-14,58.94
30-May-14,58.94
31-May-14,59.31
01-Jun-14,59.19
02-Jun-14,59.19
03-Jun-14,59.21
04-Jun-14,59.31
05-Jun-14,59.27
06-Jun-14,59.1
07-Jun-14,58.96
08-Jun-14,59.17
09-Jun-14,59.17
10-Jun-14,59.23
11-Jun-14,59.26
12-Jun-14,59.33
13-Jun-14,59.29
14-Jun-14,59.75
15-Jun-14,59.71
16-Jun-14,59.71
17-Jun-14,60.14
18-Jun-14,60.33
19-Jun-14,60.19
20-Jun-14,60.21
21-Jun-14,60.22
22-Jun-14,60.17
23-Jun-14,60.17
24-Jun-14,60.08
25-Jun-14,60.17
26-Jun-14,60.02
27-Jun-14,60.16
28-Jun-14,60.03
29-Jun-14,60.04
30-Jun-14,60.04
01-Jul-14,60.05
02-Jul-14,59.94
03-Jul-14,59.61
04-Jul-14,59.62
05-Jul-14,59.78
06-Jul-14,59.72
07-Jul-14,59.72
08-Jul-14,59.97
09-Jul-14,59.73
10-Jul-14,59.75
11-Jul-14,60.07
12-Jul-14,60.09
13-Jul-14,60.09
14-Jul-14,60.09
15-Jul-14,60.06
16-Jul-14,60.17
17-Jul-14,60.12
18-Jul-14,60.4
19-Jul-14,60.33
20-Jul-14,60.28
21-Jul-14,60.28
22-Jul-14,60.29
23-Jul-14,60.13
24-Jul-14,59.99
25-Jul-14,60.06
26-Jul-14,60.05
27-Jul-14,60.06
28-Jul-14,60.06
29-Jul-14,60.08
30-Jul-14,60.21
31-Jul-14,60.47
01-Aug-14,60.81
02-Aug-14,60.97
03-Aug-14,61.21
04-Aug-14,61.21
05-Aug-14,60.96
06-Aug-14,61.08
07-Aug-14,61.32
08-Aug-14,61.45
09-Aug-14,61.1
10-Aug-14,61.14
11-Aug-14,61.14
12-Aug-14,61.16
13-Aug-14,61.31
14-Aug-14,61.08
15-Aug-14,60.87
16-Aug-14,60.97
17-Aug-14,60.78
18-Aug-14,60.78
19-Aug-14,60.79
20-Aug-14,60.76
21-Aug-14,60.59
22-Aug-14,60.52
23-Aug-14,60.4
25-Aug-14,60.47
26-Aug-14,60.52
27-Aug-14,60.51
28-Aug-14,60.35
29-Aug-14,60.65
30-Aug-14,60.61
31-Aug-14,60.52
01-Sep-14,60.52
02-Sep-14,60.49
03-Sep-14,60.59
04-Sep-14,60.43
05-Sep-14,60.49
06-Sep-14,60.25
08-Sep-14,60.39
09-Sep-14,60.38
10-Sep-14,60.81
11-Sep-14,60.82
12-Sep-14,60.82
13-Sep-14,60.65
14-Sep-14,60.65
15-Sep-14,61.04
16-Sep-14,61.06
17-Sep-14,61.06
18-Sep-14,60.83
19-Sep-14,60.75
20-Sep-14,60.88
21-Sep-14,60.86
22-Sep-14,60.86
23-Sep-14,61.02
24-Sep-14,61.06
26-Sep-14,61.48
27-Sep-14,61.43
28-Sep-14,61.14
29-Sep-14,61.14
30-Sep-14,61.62
01-Oct-14,61.94
02-Oct-14,61.83
03-Oct-14,61.54
04-Oct-14,61.54
05-Oct-14,61.54
06-Oct-14,61.54
07-Oct-14,61.28
08-Oct-14,61.28
09-Oct-14,61.45
10-Oct-14,61.1
11-Oct-14,61.13
12-Oct-14,61.28
13-Oct-14,61.28
14-Oct-14,60.99
15-Oct-14,61.39
16-Oct-14,61.4
17-Oct-14,61.65
18-Oct-14,61.25
19-Oct-14,61.36
20-Oct-14,61.36
21-Oct-14,61.23
22-Oct-14,61.12
23-Oct-14,61.22
24-Oct-14,61.18
25-Oct-14,61.08
26-Oct-14,61.17
27-Oct-14,61.17
28-Oct-14,61.32
29-Oct-14,61.19
30-Oct-14,61.22
31-Oct-14,61.36
01-Nov-14,61.39
02-Nov-14,61.40
03-Nov-14,61.40
04-Nov-14,61.4
05-Nov-14,61.36
06-Nov-14,61.45
07-Nov-14,61.45
08-Nov-14,61.43
09-Nov-14,61.52
10-Nov-14,61.52
11-Nov-14,61.59
12-Nov-14,61.51
13-Nov-14,61.4
14-Nov-14,61.55
15-Nov-14,61.7
16-Nov-14,61.71
17-Nov-14,61.71
18-Nov-14,61.79
19-Nov-14,61.72
20-Nov-14,62
21-Nov-14,61.94
22-Nov-14,61.63
23-Nov-14,61.76
24-Nov-14,61.76
25-Nov-14,61.86
26-Nov-14,61.87
27-Nov-14,61.76
28-Nov-14,61.8
29-Nov-14,62.22
30-Nov-14,62.21
01-Dec-14,62.21
02-Dec-14,61.97
03-Dec-14,61.81
04-Dec-14,61.9
05-Dec-14,61.82
06-Dec-14,61.95
07-Dec-14,61.91
08-Dec-14,61.91
09-Dec-14,61.82
10-Dec-14,62.01
11-Dec-14,62.11
12-Dec-14,62.52
13-Dec-14,62.62
14-Dec-14,62.52
15-Dec-14,62.52
16-Dec-14,63.32
17-Dec-14,64.01
18-Dec-14,63.41
19-Dec-14,62.99
20-Dec-14,63.39
21-Dec-14,63.29
22-Dec-14,63.29
23-Dec-14,63.13
24-Dec-14,63.43
25-Dec-14,63.45
26-Dec-14,63.47
27-Dec-14,63.69
28-Dec-14,63.61
29-Dec-14,63.61
30-Dec-14,63.68
31-Dec-14,63.28
04-Jan-15,63.28
05-Jan-15,63.28
06-Jan-15,63.43
07-Jan-15,63.34
08-Jan-15,63.29
09-Jan-15,62.49
10-Jan-15,62.16
11-Jan-15,62.35
12-Jan-15,62.35
13-Jan-15,62.08
14-Jan-15,62
15-Jan-15,62.13
16-Jan-15,61.86
17-Jan-15,61.61
18-Jan-15,61.87
19-Jan-15,61.87
20-Jan-15,61.64
21-Jan-15,61.70
22-Jan-15,61.56
23-Jan-15,61.36
24-Jan-15,61.43
25-Jan-15,61.44
26-Jan-15,61.44
27-Jan-15,61.46
28-Jan-15,61.4
29-Jan-15,61.32
30-Jan-15,61.95
31-Jan-15,62.16
01-Feb-15,62.02
02-Feb-15,62.02
03-Feb-15,61.70
04-Feb-15,61.62
05-Feb-15,61.75
06-Feb-15,61.68
07-Feb-15,61.98
08-Feb-15,61.97
09-Feb-15,61.97
10-Feb-15,62.11
11-Feb-15,62.32
12-Feb-15,62.49
13-Feb-15,62.07
14-Feb-15,62.04
15-Feb-15,62.07
16-Feb-15,62.07
17-Feb-15,62.14
18-Feb-15,62.15
19-Feb-15,62.23
20-Feb-15,62.09
21-Feb-15,62.25
22-Feb-15,62.10
23-Feb-15,62.10
24-Feb-15,62.16
25-Feb-15,62
26-Feb-15,61.85
27-Feb-15,61.75
28-Feb-15,61.68
01-Mar-15,61.65
02-Mar-15,61.65
03-Mar-15,61.88
04-Mar-15,61.78
05-Mar-15,62.29
06-Mar-15,62.26
07-Mar-15,62.81
08-Mar-15,62.46
09-Mar-15,62.46
10-Mar-15,62.70
11-Mar-15,62.87
12-Mar-15,62.86
13-Mar-15,62.55
14-Mar-15,63.07
15-Mar-15,63.08
16-Mar-15,63.08
17-Mar-15,62.79
18-Mar-15,62.73
19-Mar-15,62.66
20-Mar-15,62.48
21-Mar-15,62.22
22-Mar-15,62.41
23-Mar-15,62.41
24-Mar-15,62.16
25-Mar-15,62.35
26-Mar-15,62.38
27-Mar-15,62.85
28-Mar-15,62.50
29-Mar-15,62.52
30-Mar-15,62.52
31-Mar-15,62.50
01-Apr-15,62.32
02-Apr-15,62.15
03-Apr-15,62.15
04-Apr-15,61.99
05-Apr-15,62.06
06-Apr-15,62.06
07-Apr-15,62.18
08-Apr-15,62.25
09-Apr-15,62.25
10-Apr-15,62.25
11-Apr-15,62.22
12-Apr-15,62.27
13-Apr-15,62.27
14-Apr-15,62.43
15-Apr-15,62.29
16-Apr-15,62.31
17-Apr-15,62.29
18-Apr-15,62.48
19-Apr-15,62.55
20-Apr-15,62.55
21-Apr-15,63.16
22-Apr-15,62.88
23-Apr-15,62.91
24-Apr-15,63.23
25-Apr-15,63.73
26-Apr-15,63.66
27-Apr-15,63.66
28-Apr-15,63.31
29-Apr-15,63.04
30-Apr-15,63.45
01-May-15,63.55
02-May-15,63.71
03-May-15,63.53
04-May-15,63.53
05-May-15,63.60
06-May-15,63.33
07-May-15,63.67
08-May-15,64.11
09-May-15,63.7
10-May-15,63.71
11-May-15,63.71
12-May-15,63.90
13-May-15,64.21
14-May-15,63.95
15-May-15,63.34
16-May-15,63.35
17-May-15,63.44
18-May-15,63.44
19-May-15,63.60
20-May-15,63.77
21-May-15,63.66
22-May-15,63.52
23-May-15,63.47
24-May-15,63.49
25-May-15,63.49
26-May-15,63.49
27-May-15,63.88
28-May-15,63.91
29-May-15,63.74
30-May-15,63.70
31-May-15,63.74
01-Jun-15,63.74
02-Jun-15,63.61
03-Jun-15,63.66
04-Jun-15,64.04
05-Jun-15,63.99
06-Jun-15,64.10
07-Jun-15,63.76
08-Jun-15,63.76
09-Jun-15,63.95
10-Jun-15,64.03
11-Jun-15,63.79
12-Jun-15,64.00
13-Jun-15,64.02
14-Jun-15,64.09
15-Jun-15,64.09
16-Jun-15,64.04
17-Jun-15,64.21
18-Jun-15,64.13
19-Jun-15,63.60
20-Jun-15,63.45
21-Jun-15,63.49
22-Jun-15,63.49
23-Jun-15,63.48
24-Jun-15,63.58
25-Jun-15,63.51
26-Jun-15,63.50
27-Jun-15,63.59
28-Jun-15,63.45
29-Jun-15,63.45
30-Jun-15,63.67
01-Jul-15,63.64
02-Jul-15,63.59
03-Jul-15,63.36
04-Jul-15,63.43
05-Jul-15,63.48
06-Jul-15,63.41
07-Jul-15,63.25
08-Jul-15,63.55
09-Jul-15,63.49
10-Jul-15,63.31
11-Jul-15,63.32
12-Jul-15,63.35
13-Jul-15,63.35
14-Jul-15,63.43
15-Jul-15,63.33
16-Jul-15,63.49
17-Jul-15,63.44
18-Jul-15,63.47
19-Jul-15,63.48
20-Jul-15,63.48
21-Jul-15,63.58
22-Jul-15,63.56
23-Jul-15,63.65
24-Jul-15,63.82
25-Jul-15,64.05
26-Jul-15,64.10
27-Jul-15,64.10
28-Jul-15,64.21
29-Jul-15,63.78
30-Jul-15,63.8
31-Jul-15,64.13
01-Aug-15,63.94
02-Aug-15,63.98
03-Aug-15,63.98
04-Aug-15,64.10
05-Aug-15,63.79
06-Aug-15,63.71
07-Aug-15,63.70
08-Aug-15,63.74
09-Aug-15,63.73
10-Aug-15,63.73
11-Aug-15,63.75
12-Aug-15,64.43
13-Aug-15,65.07
14-Aug-15,65.26
15-Aug-15,65.07
16-Aug-15,65.12
17-Aug-15,65.12
18-Aug-15,65.40
19-Aug-15,65.47
20-Aug-15,65.20
21-Aug-15,65.49
22-Aug-15,66.21
23-Aug-15,66.03
24-Aug-15,66.03
25-Aug-15,66.93
26-Aug-15,66.08
27-Aug-15,66.12
28-Aug-15,66.00
29-Aug-15,66.19
30-Aug-15,66.15
31-Aug-15,66.15
01-Sep-15,66.34
02-Sep-15,66.35
03-Sep-15,66.16
04-Sep-15,66.10
05-Sep-15,66.66
06-Sep-15,66.68
07-Sep-15,66.68
08-Sep-15,66.90
09-Sep-15,66.47
10-Sep-15,66.47
11-Sep-15,66.37
12-Sep-15,66.34
13-Sep-15,66.24
14-Sep-15,66.24
15-Sep-15,66.31
16-Sep-15,66.38
17-Sep-15,66.18
18-Sep-15,66.10
19-Sep-15,65.72
20-Sep-15,65.86
21-Sep-15,65.86
22-Sep-15,65.68
23-Sep-15,65.87
24-Sep-15,66.21
25-Sep-15,66.19
26-Sep-15,66.13
27-Sep-15,66.17
28-Sep-15,66.17
29-Sep-15,66.3
30-Sep-15,65.86
01-Oct-15,65.52
02-Oct-15,65.59
03-Oct-15,65.25
04-Oct-15,65.36
05-Oct-15,65.36
06-Oct-15,65.13
07-Oct-15,65.2
08-Oct-15,64.88
09-Oct-15,64.89
10-Oct-15,64.74
11-Oct-15,64.77
12-Oct-15,64.77
13-Oct-15,64.74
14-Oct-15,65.11
15-Oct-15,64.88
16-Oct-15,64.76
17-Oct-15,64.77
18-Oct-15,64.70
19-Oct-15,64.70
20-Oct-15,64.92
21-Oct-15,64.97
22-Oct-15,65.18
23-Oct-15,64.89
24-Oct-15,65.04
25-Oct-15,64.89
26-Oct-15,64.89
27-Oct-15,64.79
28-Oct-15,65.08
29-Oct-15,64.88
30-Oct-15,65.45
31-Oct-15,65.40
01-Nov-15,65.42
02-Nov-15,65.42
03-Nov-15,65.59
04-Nov-15,65.58
05-Nov-15,65.5
06-Nov-15,65.9
07-Nov-15,66.11
08-Nov-15,66.14
09-Nov-15,66.14
10-Nov-15,66.45
11-Nov-15,66.22
12-Nov-15,66.13
13-Nov-15,66.15
14-Nov-15,66.12
15-Nov-15,66.05
16-Nov-15,66.05
17-Nov-15,66.02
18-Nov-15,65.96
19-Nov-15,66.14
20-Nov-15,66.06
21-Nov-15,66.12
22-Nov-15,66.05
23-Nov-15,66.05
24-Nov-15,66.38
25-Nov-15,66.32
26-Nov-15,66.33
27-Nov-15,66.66
28-Nov-15,66.88
29-Nov-15,66.90
30-Nov-15,66.90
01-Dec-15,66.43
02-Dec-15,66.46
03-Dec-15,66.54
04-Dec-15,66.83
05-Dec-15,66.66
06-Dec-15,66.64
07-Dec-15,66.64
08-Dec-15,66.76
09-Dec-15,66.85
10-Dec-15,66.83
11-Dec-15,66.69
12-Dec-15,67.11
13-Dec-15,67.14
14-Dec-15,67.14
15-Dec-15,67.09
16-Dec-15,66.80
17-Dec-15,66.58
18-Dec-15,66.31
19-Dec-15,66.23
20-Dec-15,66.25
21-Dec-15,66.25
22-Dec-15,66.20
23-Dec-15,66.20
24-Dec-15,66.07
25-Dec-15,66.01
26-Dec-15,66.1
27-Dec-15,65.94
28-Dec-15,65.94
29-Dec-15,66.10
30-Dec-15,66.28
31-Dec-15,66.44
01-Jan-16,66.20
02-Jan-16,66.20
03-Jan-16,66.20
04-Jan-16,66.20
05-Jan-16,66.56
06-Jan-16,66.50
07-Jan-16,66.72
08-Jan-16,66.61
09-Jan-16,66.93
10-Jan-16,66.84
11-Jan-16,66.84
12-Jan-16,66.78
13-Jan-16,66.86
14-Jan-16,66.74
15-Jan-16,67.38
16-Jan-16,67.77
17-Jan-16,67.77
18-Jan-16,67.77
19-Jan-16,67.66
20-Jan-16,67.69
21-Jan-16,68.06
22-Jan-16,67.92
23-Jan-16,67.56
24-Jan-16,67.54
25-Jan-16,67.54
26-Jan-16,67.72
27-Jan-16,67.78
28-Jan-16,67.98
29-Jan-16,68.09
30-Jan-16,67.9
31-Jan-16,67.87
01-Feb-16,67.87
02-Feb-16,67.93
03-Feb-16,67.94
04-Feb-16,67.93
05-Feb-16,67.56
06-Feb-16,67.78
07-Feb-16,67.80
08-Feb-16,67.80
09-Feb-16,67.99
10-Feb-16,67.88
11-Feb-16,67.89
12-Feb-16,68.44
13-Feb-16,68.13
14-Feb-16,68.11
15-Feb-16,68.11
16-Feb-16,68.15
17-Feb-16,68.47
18-Feb-16,68.32
19-Feb-16,68.54
20-Feb-16,68.76
21-Feb-16,68.54
22-Feb-16,68.54
23-Feb-16,68.53
24-Feb-16,68.56
25-Feb-16,68.54
26-Feb-16,68.84
27-Feb-16,68.83
28-Feb-16,68.73
29-Feb-16,68.73
01-Mar-16,68.22
02-Mar-16,67.75
03-Mar-16,67.37
04-Mar-16,67.14
05-Mar-16,66.89
06-Mar-16,66.93
07-Mar-16,66.93
08-Mar-16,66.97
09-Mar-16,67.31
10-Mar-16,67.08
11-Mar-16,67.19
12-Mar-16,66.95
13-Mar-16,66.92
14-Mar-16,66.92
15-Mar-16,67.13
16-Mar-16,67.35
17-Mar-16,67.23
18-Mar-16,66.47
19-Mar-16,66.34
20-Mar-16,66.38
21-Mar-16,66.38
22-Mar-16,66.53
23-Mar-16,66.60
24-Mar-16,66.9
25-Mar-16,66.83
26-Mar-16,66.87
27-Mar-16,66.91
28-Mar-16,66.91
29-Mar-16,66.59
30-Mar-16,66.32
31-Mar-16,66.22
01-Apr-16,66.17
02-Apr-16,66.32
03-Apr-16,66.36
04-Apr-16,66.36
05-Apr-16,66.05
06-Apr-16,66.42
07-Apr-16,66.57
08-Apr-16,66.72
09-Apr-16,66.52
10-Apr-16,66.55
11-Apr-16,66.55
12-Apr-16,66.31
13-Apr-16,66.30
14-Apr-16,66.50
15-Apr-16,66.67
16-Apr-16,66.49
17-Apr-16,66.66
18-Apr-16,66.66
19-Apr-16,66.46
20-Apr-16,66.16
21-Apr-16,66.12
22-Apr-16,66.45
23-Apr-16,66.66
24-Apr-16,66.66
25-Apr-16,66.66
26-Apr-16,66.68
27-Apr-16,66.40
28-Apr-16,66.51
29-Apr-16,66.43
30-Apr-16,66.42
01-May-16,66.42
02-May-16,66.42
03-May-16,66.35
04-May-16,66.47
05-May-16,66.63
06-May-16,66.55
07-May-16,66.57
08-May-16,66.60
09-May-16,66.60
10-May-16,66.71
11-May-16,66.61
12-May-16,66.53
13-May-16,66.74
14-May-16,66.98
15-May-16,66.92
16-May-16,66.92
17-May-16,66.81
18-May-16,66.85
19-May-16,67.02
20-May-16,67.48
21-May-16,67.42
22-May-16,67.43
23-May-16,67.43
24-May-16,67.45
25-May-16,67.71
26-May-16,67.24
27-May-16,66.94
28-May-16,66.97
29-May-16,67.03
30-May-16,67.03
31-May-16,67.11
01-Jun-16,67.14
02-Jun-16,67.45
03-Jun-16,67.25
04-Jun-16,66.92
05-Jun-16,66.99
06-Jun-16,66.99
07-Jun-16,66.81
08-Jun-16,66.72
09-Jun-16,66.50
10-Jun-16,66.72
11-Jun-16,66.92
12-Jun-16,66.95
13-Jun-16,66.95
14-Jun-16,67.19
15-Jun-16,67.37
16-Jun-16,67.1
17-Jun-16,67.31
18-Jun-16,67.09
19-Jun-16,67.07
20-Jun-16,67.07
21-Jun-16,67.56
22-Jun-16,67.69
23-Jun-16,67.49
24-Jun-16,67.29
25-Jun-16,67.83
26-Jun-16,67.88
27-Jun-16,67.88
28-Jun-16,67.92
29-Jun-16,67.77
30-Jun-16,67.43
01-Jul-16,67.50
02-Jul-16,67.19
03-Jul-16,67.18
04-Jul-16,67.18
05-Jul-16,67.27
06-Jul-16,67.41
07-Jul-16,67.43
08-Jul-16,67.49
09-Jul-16,67.16
10-Jul-16,67.13
11-Jul-16,67.13
12-Jul-16,67.16
13-Jul-16,66.99
14-Jul-16,67.01
15-Jul-16,66.83
16-Jul-16,67.09
17-Jul-16,67.14
18-Jul-16,67.14
19-Jul-16,67.14
20-Jul-16,67.18
21-Jul-16,67.17
22-Jul-16,67.16
23-Jul-16,67.18
24-Jul-16,67.15
25-Jul-16,67.15
26-Jul-16,67.42
27-Jul-16,67.36
28-Jul-16,67.14
29-Jul-16,66.99
30-Jul-16,66.76
31-Jul-16,66.65
01-Aug-16,66.65
02-Aug-16,66.71
03-Aug-16,66.66
04-Aug-16,66.80
05-Aug-16,66.84
06-Aug-16,66.84
07-Aug-16,66.84
08-Aug-16,66.84
09-Aug-16,66.82
10-Aug-16,66.77
11-Aug-16,66.76
12-Aug-16,66.76
13-Aug-16,66.90
14-Aug-16,66.90
15-Aug-16,66.90
16-Aug-16,66.86
17-Aug-16,66.86
18-Aug-16,66.97
19-Aug-16,66.85
20-Aug-16,67.14
21-Aug-16,67.13
22-Aug-16,67.13
23-Aug-16,67.19
24-Aug-16,67.06
25-Aug-16,67.01
26-Aug-16,67.03
27-Aug-16,67.09
28-Aug-16,67.13
29-Aug-16,67.13
30-Aug-16,67.11
31-Aug-16,67.15
01-Sep-16,66.94
02-Sep-16,66.61
03-Sep-16,66.59
04-Sep-16,66.79
05-Sep-16,66.58
06-Sep-16,66.46
07-Sep-16,66.26
08-Sep-16,66.41
09-Sep-16,66.64
10-Sep-16,66.89
11-Sep-16,66.78
12-Sep-16,66.79
13-Sep-16,67.03
14-Sep-16,67.08
15-Sep-16,66.83
16-Sep-16,66.86
17-Sep-16,67.10
18-Sep-16,67.07
19-Sep-16,67.07
20-Sep-16,66.97
21-Sep-16,67.00
22-Sep-16,66.99
23-Sep-16,66.61
24-Sep-16,66.66
25-Sep-16,66.70
26-Sep-16,66.70
27-Sep-16,66.60
28-Sep-16,66.42
29-Sep-16,66.47
30-Sep-16,66.84
01-Oct-16,66.62
02-Oct-16,66.55
03-Oct-16,66.55
04-Oct-16,66.51
05-Oct-16,66.59
06-Oct-16,66.55
07-Oct-16,66.69
08-Oct-16,66.64
09-Oct-16,66.60
10-Oct-16,66.47
11-Oct-16,66.83
12-Oct-16,66.82
13-Oct-16,66.76
14-Oct-16,66.65
15-Oct-16,66.71
16-Oct-16,66.71
17-Oct-16,66.79
18-Oct-16,66.71
19-Oct-16,66.63
20-Oct-16,66.84
21-Oct-16,66.94
22-Oct-16,66.92
23-Oct-16,66.92
24-Oct-16,66.89
25-Oct-16,66.81
26-Oct-16,66.83
27-Oct-16,66.86
28-Oct-16,66.79
29-Oct-16,66.77
30-Oct-16,66.79
31-Oct-16,66.71
01-Nov-16,66.72
02-Nov-16,66.72
03-Nov-16,66.68
04-Nov-16,66.75
05-Nov-16,66.79
06-Nov-16,66.79
07-Nov-16,66.74
08-Nov-16,66.37
09-Nov-16,66.49
10-Nov-16,67.05
11-Nov-16,67.72
12-Nov-16,67.56
13-Nov-16,67.56
14-Nov-16,67.94
15-Nov-16,67.81
16-Nov-16,68.08
17-Nov-16,67.93
18-Nov-16,68.13
19-Nov-16,68.19
20-Nov-16,68.17
21-Nov-16,68.22
22-Nov-16,68.41
23-Nov-16,68.88
24-Nov-16,68.76
25-Nov-16,68.58
26-Nov-16,68.51
27-Nov-16,68.51
28-Nov-16,68.57
29-Nov-16,68.63
30-Nov-16,68.56
01-Dec-16,68.34
02-Dec-16,68.05
03-Dec-16,68.03
04-Dec-16,68.02
05-Dec-16,68.08
06-Dec-16,67.70
07-Dec-16,67.51
08-Dec-16,67.42
09-Dec-16,67.51
10-Dec-16,67.47
11-Dec-16,67.47
12-Dec-16,67.40
13-Dec-16,67.5
14-Dec-16,67.46
15-Dec-16,67.90
16-Dec-16,67.82
17-Dec-16,67.84
18-Dec-16,67.84
19-Dec-16,67.83
20-Dec-16,68.00
21-Dec-16,67.80
22-Dec-16,67.86
23-Dec-16,67.85
24-Dec-16,67.84
25-Dec-16,67.84
26-Dec-16,67.77
27-Dec-16,67.99
28-Dec-16,68.21
29-Dec-16,67.91
30-Dec-16,67.90
31-Dec-16,67.95
01-Jan-17,67.95
02-Jan-17,68.14
03-Jan-17,68.36
04-Jan-17,67.90
05-Jan-17,67.76
06-Jan-17,68.11
07-Jan-17,68.11
08-Jan-17,68.14
09-Jan-17,68.09
10-Jan-17,68.26
11-Jan-17,68.27
12-Jan-17,67.98
13-Jan-17,68.17
14-Jan-17,68.18
15-Jan-17,68.16
16-Jan-17,68.09
17-Jan-17,67.91
18-Jan-17,68.11
19-Jan-17,68.09
20-Jan-17,68.04
21-Jan-17,68.08
22-Jan-17,68.07
23-Jan-17,68.1
24-Jan-17,68.13
25-Jan-17,68.04
26-Jan-17,68.18
27-Jan-17,68.07
28-Jan-17,68.10
29-Jan-17,68.10
30-Jan-17,67.80
31-Jan-17,67.48
01-Feb-17,67.45
02-Feb-17,67.20
03-Feb-17,67.13
04-Feb-17,67.18
05-Feb-17,67.16
06-Feb-17,67.20
07-Feb-17,67.35
08-Feb-17,67.04
09-Feb-17,66.74
10-Feb-17,66.82
11-Feb-17,66.85
12-Feb-17,66.85
13-Feb-17,66.99
14-Feb-17,66.88
15-Feb-17,66.84
16-Feb-17,67.13
17-Feb-17,67.1
18-Feb-17,67.08
19-Feb-17,67.07
20-Feb-17,66.90
21-Feb-17,67.02
22-Feb-17,66.98
23-Feb-17,66.68
24-Feb-17,66.69
25-Feb-17,66.64
26-Feb-17,66.64
27-Feb-17,66.7
28-Feb-17,66.68
01-Mar-17,66.77
02-Mar-17,66.80
03-Mar-17,66.78
04-Mar-17,66.78
05-Mar-17,66.78
06-Mar-17,66.64
07-Mar-17,66.62
08-Mar-17,66.76
09-Mar-17,66.65
10-Mar-17,66.62
11-Mar-17,66.55
12-Mar-17,66.49
13-Mar-17,66.17
14-Mar-17,65.79
15-Mar-17,65.56
16-Mar-17,65.42
17-Mar-17,65.42
18-Mar-17,65.47
19-Mar-17,65.47
20-Mar-17,65.32
21-Mar-17,65.41
22-Mar-17,65.41
23-Mar-17,65.45
24-Mar-17,65.40
25-Mar-17,65.40
26-Mar-17,65.40
27-Mar-17,65.05
28-Mar-17,65.04
29-Mar-17,64.87
30-Mar-17,64.78
31-Mar-17,64.85
02-Apr-17,64.80
03-Apr-17,65.02
04-Apr-17,65.03
05-Apr-17,65.03
06-Apr-17,64.58
07-Apr-17,64.26
08-Apr-17,64.27
09-Apr-17,64.27
10-Apr-17,64.57
11-Apr-17,64.69
12-Apr-17,64.73
13-Apr-17,64.5
14-Apr-17,64.48
15-Apr-17,64.44
16-Apr-17,64.46
17-Apr-17,64.41
18-Apr-17,64.57
19-Apr-17,64.66
20-Apr-17,64.72
21-Apr-17,64.65
22-Apr-17,64.65
23-Apr-17,64.65
24-Apr-17,64.49
25-Apr-17,64.33
26-Apr-17,64.12
27-Apr-17,64.11
28-Apr-17,64.26
29-Apr-17,64.29
30-Apr-17,64.26
01-May-17,64.26
02-May-17,64.17
04-May-17,64.23
05-May-17,64.24
06-May-17,64.31
07-May-17,64.31
08-May-17,64.36
09-May-17,64.69
10-May-17,64.53
11-May-17,64.39
12-May-17,64.15
13-May-17,64.24
14-May-17,64.17
15-May-17,64.02
16-May-17,64.04
17-May-17,64.12
18-May-17,64.95
20-May-17,64.56
21-May-17,64.45
22-May-17,64.53
23-May-17,64.89
24-May-17,64.77
25-May-17,64.54
26-May-17,64.52
27-May-17,64.52
28-May-17,64.52
29-May-17,64.53
30-May-17,64.58
31-May-17,64.50
01-Jun-17,64.39
02-Jun-17,64.26
03-Jun-17,64.41
04-Jun-17,64.41
05-Jun-17,64.34
06-Jun-17,64.43
07-Jun-17,64.44
08-Jun-17,64.25
09-Jun-17,64.37
10-Jun-17,64.24
11-Jun-17,64.38
12-Jun-17,64.48
13-Jun-17,64.36
14-Jun-17,64.06
15-Jun-17,64.60
16-Jun-17,64.46
17-Jun-17,64.40
18-Jun-17,64.40
19-Jun-17,64.47
20-Jun-17,64.64
21-Jun-17,64.59
22-Jun-17,64.60
23-Jun-17,64.47
24-Jun-17,64.50
25-Jun-17,64.50
26-Jun-17,64.41
27-Jun-17,64.47
28-Jun-17,64.50
29-Jun-17,64.79
30-Jun-17,64.61
01-Jul-17,64.61
02-Jul-17,64.61
03-Jul-17,64.85
04-Jul-17,64.76
05-Jul-17,64.79
06-Jul-17,64.72
07-Jul-17,64.59
08-Jul-17,64.62
09-Jul-17,64.62
10-Jul-17,64.47
11-Jul-17,64.53
12-Jul-17,64.41
13-Jul-17,64.45
14-Jul-17,64.28
15-Jul-17,64.42
16-Jul-17,64.42
17-Jul-17,64.34
18-Jul-17,64.33
19-Jul-17,64.26
20-Jul-17,64.37
21-Jul-17,64.38
22-Jul-17,64.47
23-Jul-17,64.47
24-Jul-17,64.39
25-Jul-17,64.44
26-Jul-17,64.33
27-Jul-17,64.12
28-Jul-17,64.11
29-Jul-17,64.13
30-Jul-17,64.13
31-Jul-17,64.18
01-Aug-17,64.09
02-Aug-17,63.63
03-Aug-17,63.70
04-Aug-17,63.65
05-Aug-17,63.67
06-Aug-17,63.67
07-Aug-17,63.84
08-Aug-17,63.01
09-Aug-17,63.18
10-Aug-17,64.05
11-Aug-17,64.05
12-Aug-17,64.09
13-Aug-17,64.09
14-Aug-17,64.07
15-Aug-17,64.21
16-Aug-17,64.17
17-Aug-17,64.09
18-Aug-17,64.09
19-Aug-17,64.09
20-Aug-17,64.08
21-Aug-17,64.17
23-Aug-17,64.04
24-Aug-17,64.04
25-Aug-17,64.00
26-Aug-17,64.00
27-Aug-17,64.00
28-Aug-17,63.8
29-Aug-17,63.95
30-Aug-17,64
31-Aug-17,63.98
01-Sep-17,63.82
02-Sep-17,64.02
03-Sep-17,64.02
04-Sep-17,64.01
05-Sep-17,64.10
06-Sep-17,64.06
07-Sep-17,63.97
08-Sep-17,63.94
09-Sep-17,63.78
10-Sep-17,63.94
11-Sep-17,63.93
12-Sep-17,64.03
13-Sep-17,64.13
14-Sep-17,64.19
15-Sep-17,64.12
16-Sep-17,64.11
17-Sep-17,64.13
18-Sep-17,64.15
19-Sep-17,64.30
20-Sep-17,64.34
21-Sep-17,64.91
22-Sep-17,64.86
23-Sep-17,64.79
24-Sep-17,64.90
25-Sep-17,65.27
26-Sep-17,65.45
27-Sep-17,65.51
28-Sep-17,65.42
29-Sep-17,65.34
30-Sep-17,65.31
01-Oct-17,65.30
02-Oct-17,65.57
03-Oct-17,65.47
04-Oct-17,65.07
05-Oct-17,65.13
06-Oct-17,65.47
07-Oct-17,65.42
08-Oct-17,65.42
09-Oct-17,65.42
10-Oct-17,65.21
11-Oct-17,65.16
12-Oct-17,65.04
14-Oct-17,64.7
15-Oct-17,64.68
16-Oct-17,64.70
17-Oct-17,65.02
18-Oct-17,65.06
19-Oct-17,64.99
20-Oct-17,65.04
21-Oct-17,65.04
22-Oct-17,65.11
23-Oct-17,65.02
24-Oct-17,65.20
25-Oct-17,64.92
26-Oct-17,64.92
27-Oct-17,64.96
28-Oct-17,65.04
29-Oct-17,64.88
30-Oct-17,64.83
31-Oct-17,64.74
01-Nov-17,64.56
02-Nov-17,64.57
03-Nov-17,64.66
04-Nov-17,64.56
05-Nov-17,64.70
06-Nov-17,64.61
07-Nov-17,65.15
08-Nov-17,64.93
09-Nov-17,65.09
10-Nov-17,65.36
11-Nov-17,65.19
12-Nov-17,65.19
13-Nov-17,65.47
14-Nov-17,65.42
15-Nov-17,65.34
16-Nov-17,65.24
17-Nov-17,65.01
18-Nov-17,65.01
19-Nov-17,64.91
20-Nov-17,65.03
21-Nov-17,64.81
22-Nov-17,64.87
23-Nov-17,64.59
24-Nov-17,64.56
25-Nov-17,64.55
26-Nov-17,64.55
27-Nov-17,64.47
28-Nov-17,64.41
29-Nov-17,64.40
30-Nov-17,64.47
01-Dec-17,64.54
02-Dec-17,64.52
03-Dec-17,64.51
04-Dec-17,64.38
05-Dec-17,64.37
06-Dec-17,64.55
07-Dec-17,64.54
08-Dec-17,64.44
09-Dec-17,64.48
11-Dec-17,64.36
12-Dec-17,64.56
13-Dec-17,64.37
14-Dec-17,64.24
15-Dec-17,64.05
16-Dec-17,64.08
17-Dec-17,64.08
18-Dec-17,64.24
19-Dec-17,64.05
20-Dec-17,63.97
21-Dec-17,64.02
22-Dec-17,64.01
23-Dec-17,64.01
24-Dec-17,64.01
25-Dec-17,64.01
26-Dec-17,64.04
27-Dec-17,64.15
28-Dec-17,64.07
29-Dec-17,63.82
30-Dec-17,63.84
31-Dec-17,63.85
01-Jan-18,63.83
02-Jan-18,63.45
03-Jan-18,63.44
04-Jan-18,63.39
05-Jan-18,63.29
06-Jan-18,63.34
07-Jan-18,63.27
08-Jan-18,63.48
09-Jan-18,63.67
10-Jan-18,63.77
11-Jan-18,63.66
12-Jan-18,63.61
13-Jan-18,63.59
14-Jan-18,63.59
15-Jan-18,63.52
16-Jan-18,64.01
17-Jan-18,63.86
18-Jan-18,63.88
19-Jan-18,63.84
20-Jan-18,63.83
21-Jan-18,63.83
22-Jan-18,63.96
23-Jan-18,63.76
24-Jan-18,63.59
25-Jan-18,63.46
26-Jan-18,63.61
27-Jan-18,63.58
28-Jan-18,63.58
29-Jan-18,63.66
30-Jan-18,63.78
31-Jan-18,63.58
01-Feb-18,63.96
02-Feb-18,64.12
03-Feb-18,64.14
04-Feb-18,64.14
05-Feb-18,64.06
06-Feb-18,64.26
07-Feb-18,64.22
08-Feb-18,64.48
09-Feb-18,64.36
10-Feb-18,64.22
11-Feb-18,64.22
12-Feb-18,64.29
13-Feb-18,64.27
14-Feb-18,64.09
15-Feb-18,63.93
16-Feb-18,64.35
17-Feb-18,64.39
18-Feb-18,64.39
19-Feb-18,64.47
20-Feb-18,64.91
21-Feb-18,64.77
22-Feb-18,64.98
23-Feb-18,64.87
24-Feb-18,64.71
25-Feb-18,64.71
26-Feb-18,64.79
27-Feb-18,65.12
28-Feb-18,65.23
01-Mar-18,65.26
02-Mar-18,65.24
03-Mar-18,65.19
04-Mar-18,65.19
05-Mar-18,65.06
06-Mar-18,64.90
07-Mar-18,64.95
08-Mar-18,65.14
09-Mar-18,64.99
10-Mar-18,65.00
11-Mar-18,65.00
12-Mar-18,64.99
13-Mar-18,64.71
14-Mar-18,64.85
15-Mar-18,64.95
16-Mar-18,65.06
17-Mar-18,65.07
18-Mar-18,65.07
19-Mar-18,65.31
20-Mar-18,65.28
21-Mar-18,65.20
22-Mar-18,65.11
23-Mar-18,64.99
24-Mar-18,64.99
25-Mar-18,65.02
26-Mar-18,64.69
27-Mar-18,64.83
28-Mar-18,65.13
29-Mar-18,65.08
30-Mar-18,65.02
01-Apr-18,65.11
02-Apr-18,65.13
03-Apr-18,65.00
04-Apr-18,65.00
05-Apr-18,64.83
06-Apr-18,64.90
07-Apr-18,64.91
08-Apr-18,64.91
09-Apr-18,64.83
10-Apr-18,64.95
11-Apr-18,65.16
12-Apr-18,65.29
13-Apr-18,65.25
14-Apr-18,65.20
15-Apr-18,65.20
16-Apr-18,65.45
17-Apr-18,65.67
18-Apr-18,65.73
19-Apr-18,66.16
20-Apr-18,66.21
21-Apr-18,66.21
22-Apr-18,66.20
23-Apr-18,66.53
24-Apr-18,66.40
25-Apr-18,66.95
26-Apr-18,66.87
27-Apr-18,66.61
28-Apr-18,66.62
29-Apr-18,66.62
30-Apr-18,66.46
01-May-18,66.79
02-May-18,66.78
03-May-18,66.71
04-May-18,66.82
05-May-18,66.82
06-May-18,66.82
07-May-18,67.17
08-May-18,67.04
09-May-18,67.37
10-May-18,67.02
11-May-18,67.36
12-May-18,67.39
13-May-18,67.36
14-May-18,67.57
15-May-18,68.52
16-May-18,67.71
17-May-18,67.80
18-May-18,67.98
19-May-18,67.99
20-May-18,67.98
21-May-18,68.09
22-May-18,68.02
23-May-18,68.36
24-May-18,68.30
25-May-18,67.78
26-May-18,67.73
27-May-18,67.73
28-May-18,67.43
29-May-18,67.83
30-May-18,67.48
31-May-18,67.41
01-Jun-18,66.94
02-Jun-18,66.99
03-Jun-18,66.93
04-Jun-18,67.04
05-Jun-18,67.11
06-Jun-18,66.87
07-Jun-18,67.48
08-Jun-18,67.50
09-Jun-18,67.53
10-Jun-18,67.52
11-Jun-18,67.50
12-Jun-18,67.49
13-Jun-18,67.44
14-Jun-18,67.71
15-Jun-18,68.19
16-Jun-18,68.47
17-Jun-18,68.06
18-Jun-18,68.10
19-Jun-18,68.11
20-Jun-18,68.07
21-Jun-18,67.84
22-Jun-18,67.86
23-Jun-18,67.86
24-Jun-18,67.86
25-Jun-18,68.12
26-Jun-18,68.33
27-Jun-18,68.84
28-Jun-18,68.82
29-Jun-18,68.46
30-Jun-18,68.44
01-Jul-18,68.44
02-Jul-18,68.72
03-Jul-18,68.56
04-Jul-18,68.97
05-Jul-18,68.82
06-Jul-18,68.80
07-Jul-18,68.76
08-Jul-18,68.76
09-Jul-18,68.66
10-Jul-18,68.65
11-Jul-18,68.76
12-Jul-18,68.30
13-Jul-18,68.45
14-Jul-18,68.49
15-Jul-18,68.49
16-Jul-18,68.54
17-Jul-18,68.42
18-Jul-18,68.46
19-Jul-18,69.04
20-Jul-18,68.75
21-Jul-18,68.74
22-Jul-18,68.74
23-Jul-18,68.95
24-Jul-18,68.88
25-Jul-18,68.69
26-Jul-18,68.69
27-Jul-18,68.63
28-Jul-18,68.62
29-Jul-18,68.62
30-Jul-18,68.60
31-Jul-18,68.44
01-Aug-18,68.31
02-Aug-18,68.55
03-Aug-18,68.53
04-Aug-18,68.51
05-Aug-18,68.51
06-Aug-18,68.81
07-Aug-18,68.62
08-Aug-18,68.60
09-Aug-18,68.76
10-Aug-18,69.11
11-Aug-18,69.09
12-Aug-18,69.09
13-Aug-18,70.13
14-Aug-18,70.04
15-Aug-18,70.37
16-Aug-18,70.05
17-Aug-18,70.00
18-Aug-18,69.79
19-Aug-18,69.79
20-Aug-18,69.81
21-Aug-18,69.80
22-Aug-18,69.82
23-Aug-18,70.17
24-Aug-18,69.85
25-Aug-18,69.77
26-Aug-18,69.77
27-Aug-18,69.9
28-Aug-18,70.09
29-Aug-18,70.52
30-Aug-18,70.98
31-Aug-18,70.88
01-Sep-18,70.87
02-Sep-18,71.00
03-Sep-18,71.17
04-Sep-18,71.35
05-Sep-18,71.53
06-Sep-18,71.96
07-Sep-18,72.08
08-Sep-18,72.10
09-Sep-18,72.10
10-Sep-18,72.57
11-Sep-18,72.58
12-Sep-18,71.88
13-Sep-18,71.64
14-Sep-18,71.96
15-Sep-18,72.10
16-Sep-18,72.10
17-Sep-18,72.44
18-Sep-18,72.71
19-Sep-18,71.96
20-Sep-18,71.75
21-Sep-18,72.28
22-Sep-18,72.24
23-Sep-18,72.24
24-Sep-18,72.85
25-Sep-18,72.68
26-Sep-18,72.53
27-Sep-18,72.55
28-Sep-18,72.53
29-Sep-18,72.51
30-Sep-18,72.51
01-Oct-18,73.18
02-Oct-18,73.35
03-Oct-18,73.45
04-Oct-18,73.85
05-Oct-18,74.18
06-Oct-18,73.77
07-Oct-18,73.77
08-Oct-18,73.97
09-Oct-18,74.09
10-Oct-18,74.22
11-Oct-18,73.81
12-Oct-18,73.66
13-Oct-18,73.68
14-Oct-18,73.68
15-Oct-18,73.74
16-Oct-18,73.26
17-Oct-18,73.38
18-Oct-18,73.68
19-Oct-18,73.42
20-Oct-18,73.47
21-Oct-18,73.47
22-Oct-18,73.66
23-Oct-18,73.38
24-Oct-18,73.28
25-Oct-18,73.23
26-Oct-18,73.14
27-Oct-18,73.12
28-Oct-18,73.13
29-Oct-18,73.44
30-Oct-18,73.58
31-Oct-18,74.06
01-Nov-18,73.10
02-Nov-18,72.91
03-Nov-18,72.91
04-Nov-18,72.91
05-Nov-18,72.9
06-Nov-18,73.00
07-Nov-18,72.42
08-Nov-18,72.6
09-Nov-18,72.67
10-Nov-18,72.48
11-Nov-18,72.48
12-Nov-18,72.92
13-Nov-18,72.33
14-Nov-18,72.19
15-Nov-18,71.92
16-Nov-18,71.87
17-Nov-18,71.78
18-Nov-18,71.78
19-Nov-18,71.45
20-Nov-18,71.43
21-Nov-18,71.09
22-Nov-18,70.67
23-Nov-18,70.53
24-Nov-18,70.65
25-Nov-18,70.67
26-Nov-18,70.76
27-Nov-18,70.93
28-Nov-18,70.66
29-Nov-18,69.78
30-Nov-18,69.69
01-Dec-18,69.77
02-Dec-18,69.77
03-Dec-18,70.43
04-Dec-18,70.51
05-Dec-18,70.68
06-Dec-18,70.72
07-Dec-18,71.16
08-Dec-18,71.37
09-Dec-18,71.37
10-Dec-18,72.43
11-Dec-18,72.25
12-Dec-18,71.83
13-Dec-18,71.49
14-Dec-18,71.9
15-Dec-18,71.92
16-Dec-18,71.92
17-Dec-18,71.61
18-Dec-18,70.51
19-Dec-18,70.26
20-Dec-18,70.07
21-Dec-18,70.12
22-Dec-18,70.14
23-Dec-18,70.14
24-Dec-18,69.98
25-Dec-18,70.26
26-Dec-18,70.04
27-Dec-18,70.25
28-Dec-18,69.90
29-Dec-18,69.92
30-Dec-18,69.93
31-Dec-18,69.56
01-Jan-19,69.52
02-Jan-19,70.02
03-Jan-19,70.13
04-Jan-19,69.61
05-Jan-19,69.53
06-Jan-19,69.53
07-Jan-19,69.77
08-Jan-19,70.14
09-Jan-19,70.48
10-Jan-19,70.42
11-Jan-19,70.39
12-Jan-19,70.38
13-Jan-19,70.38
14-Jan-19,70.75
15-Jan-19,71.06
16-Jan-19,70.98
17-Jan-19,71.11
18-Jan-19,71.23
19-Jan-19,71.25
20-Jan-19,71.25
21-Jan-19,71.18
22-Jan-19,71.22
23-Jan-19,71.22
24-Jan-19,71.01
25-Jan-19,70.91
26-Jan-19,70.90
27-Jan-19,70.90
28-Jan-19,71.08
29-Jan-19,71.43
30-Jan-19,71.26
31-Jan-19,70.95
01-Feb-19,71.45
02-Feb-19,71.46
03-Feb-19,71.46
04-Feb-19,71.7
05-Feb-19,71.55
06-Feb-19,71.56
07-Feb-19,71.35
08-Feb-19,71.21
09-Feb-19,71.17
10-Feb-19,71.17
11-Feb-19,71.17
12-Feb-19,70.57
13-Feb-19,70.85
14-Feb-19,71.15
15-Feb-19,71.36
16-Feb-19,71.33
17-Feb-19,71.33
18-Feb-19,71.38
19-Feb-19,71.30
20-Feb-19,70.99
21-Feb-19,71.18
22-Feb-19,71.02
23-Feb-19,71.03
25-Feb-19,70.82
26-Feb-19,71.05
27-Feb-19,71.15
28-Feb-19,70.85
01-Mar-19,70.93
02-Mar-19,71
03-Mar-19,71
04-Mar-19,70.93
05-Mar-19,70.58
06-Mar-19,70.09
07-Mar-19,70.13
08-Mar-19,69.97
09-Mar-19,69.99
10-Mar-19,70.01
11-Mar-19,69.84
12-Mar-19,69.60
13-Mar-19,69.49
14-Mar-19,69.33
15-Mar-19,68.98
16-Mar-19,68.96
17-Mar-19,68.96
18-Mar-19,68.64
19-Mar-19,69.04
20-Mar-19,68.80
21-Mar-19,68.82
22-Mar-19,69.22
23-Mar-19,69.17
24-Mar-19,69.17
25-Mar-19,68.89
26-Mar-19,68.96
27-Mar-19,69.05
28-Mar-19,69.19
29-Mar-19,69.32
30-Mar-19,69.44
31-Mar-19,69.44
01-Apr-19,69.20
02-Apr-19,68.90
03-Apr-19,68.41
04-Apr-19,68.96
05-Apr-19,69.16
07-Apr-19,69.23
08-Apr-19,69.58
09-Apr-19,69.27
10-Apr-19,69.14
11-Apr-19,69.01
12-Apr-19,69.22
13-Apr-19,69.19
14-Apr-19,69.17
15-Apr-19,69.40
16-Apr-19,69.53
17-Apr-19,69.41
18-Apr-19,69.40
19-Apr-19,69.36
20-Apr-19,69.39
21-Apr-19,69.39
22-Apr-19,69.65
23-Apr-19,69.76
24-Apr-19,69.96
25-Apr-19,70.25
26-Apr-19,69.79
27-Apr-19,69.85
28-Apr-19,69.85
29-Apr-19,69.83
30-Apr-19,69.55
01-May-19,69.56
02-May-19,69.41
03-May-19,69.15
04-May-19,69.17
05-May-19,69.17
06-May-19,69.37
07-May-19,69.60
08-May-19,69.73
09-May-19,70.14
10-May-19,70.01
11-May-19,69.93
12-May-19,69.93
13-May-19,70.54
14-May-19,70.31
15-May-19,70.25
16-May-19,70.16
17-May-19,70.33
18-May-19,70.34
19-May-19,70.34
20-May-19,69.77
21-May-19,69.63
22-May-19,69.72
23-May-19,69.66
24-May-19,69.38
25-May-19,69.38
26-May-19,69.37
27-May-19,69.47
28-May-19,69.59
29-May-19,69.86
30-May-19,69.79
31-May-19,69.58
01-Jun-19,69.57
02-Jun-19,69.58
03-Jun-19,69.16
04-Jun-19,69.39
05-Jun-19,69.38
06-Jun-19,69.22
07-Jun-19,69.33
08-Jun-19,69.39
09-Jun-19,69.39
10-Jun-19,69.48
11-Jun-19,69.40
12-Jun-19,69.38
13-Jun-19,69.51
14-Jun-19,69.83
15-Jun-19,69.83
16-Jun-19,69.83
17-Jun-19,69.84
18-Jun-19,69.48
19-Jun-19,69.68
20-Jun-19,69.55
21-Jun-19,69.56
22-Jun-19,69.58
23-Jun-19,69.58
24-Jun-19,69.27
25-Jun-19,69.25
26-Jun-19,69.16
27-Jun-19,69.03
28-Jun-19,68.92
29-Jun-19,68.95
30-Jun-19,68.95
01-Jul-19,68.90
02-Jul-19,68.89
03-Jul-19,68.8
04-Jul-19,68.56
05-Jul-19,68.55
06-Jul-19,68.45
07-Jul-19,68.45
08-Jul-19,68.59
09-Jul-19,68.57
10-Jul-19,68.36
11-Jul-19,68.44
12-Jul-19,68.56
13-Jul-19,68.56
14-Jul-19,68.56
15-Jul-19,68.53
16-Jul-19,68.70
17-Jul-19,68.84
18-Jul-19,68.86
19-Jul-19,68.85
20-Jul-19,68.86
21-Jul-19,68.86
22-Jul-19,68.91
23-Jul-19,69.04
24-Jul-19,68.95
25-Jul-19,69.08
26-Jul-19,69.10
27-Jul-19,68.86
28-Jul-19,68.86
29-Jul-19,68.74
30-Jul-19,68.88
31-Jul-19,68.87
01-Aug-19,68.95
02-Aug-19,69.62
03-Aug-19,69.66
04-Aug-19,69.66
05-Aug-19,70.93
06-Aug-19,71.05
07-Aug-19,71.07
08-Aug-19,70.43
09-Aug-19,71.09
10-Aug-19,71.04
11-Aug-19,71.04
12-Aug-19,71.25
13-Aug-19,71.08
14-Aug-19,71.55
15-Aug-19,71.52
16-Aug-19,71.22
18-Aug-19,71.14
19-Aug-19,71.59
20-Aug-19,71.52
21-Aug-19,71.41
22-Aug-19,71.92
23-Aug-19,71.70
24-Aug-19,71.51
25-Aug-19,71.51
26-Aug-19,71.76
27-Aug-19,71.53
28-Aug-19,71.77
29-Aug-19,71.65
30-Aug-19,71.74
31-Aug-19,71.73
01-Sep-19,71.73
02-Sep-19,72.02
03-Sep-19,72.18
04-Sep-19,72.00
05-Sep-19,71.83
06-Sep-19,71.6
07-Sep-19,71.64
08-Sep-19,71.64
09-Sep-19,71.73
10-Sep-19,71.85
11-Sep-19,71.52
12-Sep-19,71.00
13-Sep-19,70.98
14-Sep-19,71.03
15-Sep-19,71.03
16-Sep-19,71.61
17-Sep-19,71.53
18-Sep-19,71.08
19-Sep-19,71.35
20-Sep-19,71.03
21-Sep-19,71.19
22-Sep-19,71.19
23-Sep-19,70.79
24-Sep-19,70.96
25-Sep-19,71.03
26-Sep-19,70.99
27-Sep-19,70.66
28-Sep-19,70.65
29-Sep-19,70.50
30-Sep-19,70.66
01-Oct-19,71.09
02-Oct-19,71.21
03-Oct-19,71.04
04-Oct-19,70.83
05-Oct-19,70.82
06-Oct-19,70.82
07-Oct-19,71.04
08-Oct-19,71.21
09-Oct-19,71.10
10-Oct-19,70.88
11-Oct-19,70.90
12-Oct-19,71.05
13-Oct-19,70.92
14-Oct-19,71.20
15-Oct-19,71.49
16-Oct-19,71.40
17-Oct-19,71.15
18-Oct-19,71.09
19-Oct-19,71.09
20-Oct-19,71.09
21-Oct-19,70.91
22-Oct-19,70.78
23-Oct-19,70.72
24-Oct-19,70.95
25-Oct-19,70.82
26-Oct-19,70.84
27-Oct-19,70.84
28-Oct-19,70.71
29-Oct-19,70.88
30-Oct-19,70.96
31-Oct-19,71.09
01-Nov-19,70.54
02-Nov-19,70.70
03-Nov-19,70.52
04-Nov-19,70.80
05-Nov-19,70.85
06-Nov-19,71.13
07-Nov-19,71.06
08-Nov-19,71.33
09-Nov-19,71.37
10-Nov-19,71.37
11-Nov-19,71.59
12-Nov-19,71.76
13-Nov-19,72.20
14-Nov-19,72.00
15-Nov-19,71.64
16-Nov-19,71.65
18-Nov-19,71.92
19-Nov-19,71.83
20-Nov-19,71.74
21-Nov-19,71.75
22-Nov-19,71.76
23-Nov-19,71.79
24-Nov-19,71.79
25-Nov-19,71.7
26-Nov-19,71.51
27-Nov-19,71.26
28-Nov-19,71.58
29-Nov-19,71.78
30-Nov-19,71.75
01-Dec-19,71.75
02-Dec-19,71.65
03-Dec-19,71.73
04-Dec-19,71.50
05-Dec-19,71.23
06-Dec-19,71.27
07-Dec-19,71.29
08-Dec-19,71.29
09-Dec-19,71.02
10-Dec-19,70.84
11-Dec-19,70.76
12-Dec-19,70.66
13-Dec-19,70.71
14-Dec-19,70.68
15-Dec-19,70.68
16-Dec-19,70.88
17-Dec-19,71.05
18-Dec-19,71.02
19-Dec-19,71.13
20-Dec-19,71.05
21-Dec-19,71.12
22-Dec-19,71.12
23-Dec-19,71.25
24-Dec-19,71.24
25-Dec-19,71.20
26-Dec-19,71.28
27-Dec-19,71.45
28-Dec-19,71.42
29-Dec-19,71.42
30-Dec-19,71.30
31-Dec-19,71.18
01-Jan-20,71.16
02-Jan-20,71.34
03-Jan-20,71.75
04-Jan-20,71.76
05-Jan-20,71.76
06-Jan-20,71.87
07-Jan-20,71.83
08-Jan-20,71.36
09-Jan-20,71.15
10-Jan-20,70.93
11-Jan-20,70.99
12-Jan-20,70.98
13-Jan-20,70.75
14-Jan-20,70.85
15-Jan-20,70.72
16-Jan-20,70.97
17-Jan-20,71.09
18-Jan-20,71.04
19-Jan-20,71.04
20-Jan-20,71.01
21-Jan-20,71.16
22-Jan-20,71.10
23-Jan-20,71.44
24-Jan-20,71.30
25-Jan-20,71.32
26-Jan-20,71.32
27-Jan-20,71.45
28-Jan-20,71.21
29-Jan-20,71.37
30-Jan-20,71.55
31-Jan-20,71.5
01-Feb-20,71.49
02-Feb-20,71.49
03-Feb-20,71.35
04-Feb-20,71.11
05-Feb-20,71.18
06-Feb-20,71.21
07-Feb-20,71.49
08-Feb-20,71.51
09-Feb-20,71.51
10-Feb-20,71.28
11-Feb-20,71.26
12-Feb-20,71.31
13-Feb-20,71.27
14-Feb-20,71.50
15-Feb-20,71.52
16-Feb-20,71.52
17-Feb-20,71.35
18-Feb-20,71.53
19-Feb-20,71.58
20-Feb-20,71.91
21-Feb-20,71.83
22-Feb-20,71.88
23-Feb-20,71.88
24-Feb-20,72.09
25-Feb-20,71.82
26-Feb-20,71.6
27-Feb-20,71.64
28-Feb-20,72.50
29-Feb-20,72.17
01-Mar-20,72.17
02-Mar-20,72.73
03-Mar-20,72.96
04-Mar-20,73.57
05-Mar-20,73.63
06-Mar-20,74.22
07-Mar-20,74.00
08-Mar-20,74.00
09-Mar-20,74.38
10-Mar-20,73.87
11-Mar-20,74.08
12-Mar-20,74.60
13-Mar-20,74.01
14-Mar-20,73.95
15-Mar-20,73.95
16-Mar-20,74.06
17-Mar-20,74.18
18-Mar-20,75.09
19-Mar-20,74.8
20-Mar-20,75.47
21-Mar-20,75.62
22-Mar-20,75.62
23-Mar-20,76.41
24-Mar-20,76.07
25-Mar-20,75.97
26-Mar-20,74.85
27-Mar-20,75.07
28-Mar-20,74.87
29-Mar-20,75.47
30-Mar-20,75.35
31-Mar-20,75.44
01-Apr-20,76.59
02-Apr-20,76.17
03-Apr-20,76.38
05-Apr-20,76.41
06-Apr-20,75.94
07-Apr-20,75.53
08-Apr-20,75.88
09-Apr-20,75.88
10-Apr-20,76.14
11-Apr-20,76.17
12-Apr-20,76.17
13-Apr-20,76.34
14-Apr-20,75.98
15-Apr-20,76.52
16-Apr-20,76.80
17-Apr-20,76.58
18-Apr-20,76.50
19-Apr-20,76.50
20-Apr-20,76.61
21-Apr-20,77.05
22-Apr-20,76.44
23-Apr-20,75.95
24-Apr-20,76.42
25-Apr-20,76.30
26-Apr-20,76.28
27-Apr-20,76.19
28-Apr-20,76.06
29-Apr-20,75.33
30-Apr-20,75.23
01-May-20,75.86
02-May-20,75.83
03-May-20,75.60
04-May-20,75.66
05-May-20,75.67
06-May-20,76.04
07-May-20,75.70
08-May-20,75.50
09-May-20,75.50
10-May-20,75.53
11-May-20,75.92
12-May-20,75.14
13-May-20,75.38
14-May-20,75.54
15-May-20,75.82
18-May-20,75.7
19-May-20,75.66
20-May-20,75.60
21-May-20,75.64
22-May-20,75.98
25-May-20,75.85
26-May-20,75.55
27-May-20,75.91
28-May-20,75.64
29-May-20,75.61
30-May-20,75.52
31-May-20,75.52
01-Jun-20,75.56
02-Jun-20,75.11
03-Jun-20,75.33
04-Jun-20,75.45
05-Jun-20,75.60
06-Jun-20,75.56
07-Jun-20,75.56
08-Jun-20,75.44
09-Jun-20,75.49
10-Jun-20,75.69
11-Jun-20,76.17
12-Jun-20,75.98
13-Jun-20,75.95
14-Jun-20,75.95
15-Jun-20,75.97
16-Jun-20,76.23
17-Jun-20,76.19
18-Jun-20,76.37
19-Jun-20,76.28
20-Jun-20,76.25
21-Jun-20,76.25
22-Jun-20,75.71
23-Jun-20,75.59
24-Jun-20,75.67
25-Jun-20,75.56
26-Jun-20,75.59
27-Jun-20,75.62
28-Jun-20,75.62
29-Jun-20,75.50
30-Jun-20,75.53
01-Jul-20,75.53
02-Jul-20,74.79
03-Jul-20,74.64
04-Jul-20,74.67
05-Jul-20,74.67
06-Jul-20,74.64
07-Jul-20,74.84
08-Jul-20,74.90
09-Jul-20,75.14
10-Jul-20,75.19
11-Jul-20,75.19
12-Jul-20,75.19
13-Jul-20,75.16
14-Jul-20,75.25
15-Jul-20,75.13
16-Jul-20,75.15
17-Jul-20,74.93
20-Jul-20,74.78
21-Jul-20,74.50
22-Jul-20,74.60
23-Jul-20,74.80
24-Jul-20,74.77
25-Jul-20,74.72
26-Jul-20,74.72
27-Jul-20,74.77
28-Jul-20,74.86
29-Jul-20,74.90
30-Jul-20,74.86
31-Jul-20,74.92
01-Aug-20,74.92
02-Aug-20,74.92
03-Aug-20,75.23
04-Aug-20,75.05
05-Aug-20,74.85
06-Aug-20,74.94
07-Aug-20,75.06
09-Aug-20,74.97
10-Aug-20,74.90
11-Aug-20,74.59
12-Aug-20,74.81
13-Aug-20,74.83
14-Aug-20,74.83
15-Aug-20,74.85
16-Aug-20,74.85
17-Aug-20,74.77
18-Aug-20,74.61
19-Aug-20,74.85
20-Aug-20,75.04
21-Aug-20,74.97
22-Aug-20,74.92
23-Aug-20,74.92
24-Aug-20,74.17
25-Aug-20,74.24
26-Aug-20,74.24
27-Aug-20,73.88
28-Aug-20,73.21
29-Aug-20,73.12
30-Aug-20,73.12
31-Aug-20,73.37
01-Sep-20,73.09
02-Sep-20,73.27
03-Sep-20,73.46
04-Sep-20,73.24
05-Sep-20,73.24
06-Sep-20,73.24
07-Sep-20,73.46
08-Sep-20,73.65
09-Sep-20,73.31
10-Sep-20,73.54
11-Sep-20,73.43
12-Sep-20,73.47
13-Sep-20,73.47
14-Sep-20,73.39
15-Sep-20,73.60
16-Sep-20,73.46
17-Sep-20,73.62
18-Sep-20,73.54
19-Sep-20,73.61
20-Sep-20,73.61
21-Sep-20,73.58
22-Sep-20,73.54
23-Sep-20,73.54
24-Sep-20,73.73
25-Sep-20,73.76
26-Sep-20,73.69
27-Sep-20,73.69
28-Sep-20,73.81
29-Sep-20,73.77
30-Sep-20,73.56
01-Oct-20,73.22
02-Oct-20,73.30
03-Oct-20,73.32
04-Oct-20,73.32
05-Oct-20,73.11
06-Oct-20,73.47
07-Oct-20,73.36
08-Oct-20,73.32
09-Oct-20,72.98
10-Oct-20,72.96
11-Oct-20,72.96
12-Oct-20,73.37
13-Oct-20,73.42
14-Oct-20,73.32
15-Oct-20,73.45
16-Oct-20,73.43
19-Oct-20,73.35
20-Oct-20,73.47
21-Oct-20,73.60
22-Oct-20,73.66
23-Oct-20,73.85
24-Oct-20,73.83
25-Oct-20,73.83
26-Oct-20,73.95
27-Oct-20,73.73
28-Oct-20,74.21
29-Oct-20,74.40
30-Oct-20,74.59
02-Nov-20,74.55
03-Nov-20,74.63
04-Nov-20,74.34
05-Nov-20,73.87
06-Nov-20,73.97
07-Nov-20,73.98
08-Nov-20,73.98
09-Nov-20,74.02
10-Nov-20,74.34
11-Nov-20,74.51
12-Nov-20,74.59
13-Nov-20,74.58
14-Nov-20,74.53
15-Nov-20,74.53
16-Nov-20,74.38
17-Nov-20,74.43
18-Nov-20,74.10
19-Nov-20,74.14
20-Nov-20,74.12
21-Nov-20,74.16
22-Nov-20,74.16
23-Nov-20,74.23
24-Nov-20,74.03
25-Nov-20,73.79
26-Nov-20,73.81
27-Nov-20,74.01
28-Nov-20,73.96
29-Nov-20,73.96
30-Nov-20,74.01
01-Dec-20,73.50
02-Dec-20,73.71
03-Dec-20,73.82
04-Dec-20,73.77
05-Dec-20,73.79
06-Dec-20,73.79
07-Dec-20,73.76
08-Dec-20,73.68
09-Dec-20,73.80
10-Dec-20,73.73
11-Dec-20,73.73
12-Dec-20,73.73
13-Dec-20,73.73
14-Dec-20,73.68
15-Dec-20,73.51
16-Dec-20,73.66
17-Dec-20,73.54
18-Dec-20,73.52
19-Dec-20,73.60
20-Dec-20,73.60
21-Dec-20,74.00
22-Dec-20,73.88
23-Dec-20,73.79
24-Dec-20,73.51
28-Dec-20,73.49
29-Dec-20,73.35
30-Dec-20,73.18
31-Dec-20,73.01
01-Jan-21,73.09
02-Jan-21,73.09
03-Jan-21,73.09
04-Jan-21,73.09
05-Jan-21,73.16
06-Jan-21,73.16
07-Jan-21,73.42
08-Jan-21,73.32
09-Jan-21,73.37
10-Jan-21,73.37
11-Jan-21,73.50
12-Jan-21,73.26
13-Jan-21,73.07
14-Jan-21,73.08
15-Jan-21,73.16
